evento_edicion_id,evento_id,edicion_id
1,1,6
2,2,6
3,1,8
4,3,8
5,2,8
6,1,46
7,2,46
8,1,10
9,3,10
10,2,10
11,3,6
12,4,44
13,5,44
14,4,46
15,5,46
16,5,48
17,4,50
18,4,52
19,2,2
20,6,2
21,7,2
22,8,2
23,9,2
24,10,2
25,11,2
26,12,2
27,13,2
28,1,2
29,1,5
30,2,5
31,14,6
32,15,6
33,1,1
34,2,1
35,4,48
36,16,40
37,1,42
38,2,42
39,1,44
40,2,44
41,4,42
42,5,42
43,17,2
44,18,6
45,19,2
46,20,2
47,21,44
48,1,48
49,1,50
50,2,50
51,21,46
52,3,2
53,22,6
54,23,8
55,24,8
56,23,5
57,22,5
58,25,44
59,26,46
60,25,46
61,24,10
62,23,2
63,27,2
64,23,10
65,23,42
66,24,42
67,23,44
68,28,44
69,29,44
70,29,46
71,24,46
72,28,46
73,30,46
74,30,48
75,30,50
76,30,44
77,24,44
78,23,46
79,26,48
80,25,48
81,31,46
82,31,48
83,15,5
84,18,5
85,31,44
86,32,42
87,21,48
88,33,40
89,23,6
90,28,42
91,29,42
92,29,48
93,28,50
94,29,50
95,28,52
96,34,52
97,28,48
98,1,3
99,16,3
100,2,3
101,35,3
102,2,48
103,36,5
104,37,5
105,38,5
106,39,5
107,5,50
108,40,1
109,41,1
110,42,1
111,43,1
112,44,1
113,45,1
114,46,1
115,47,1
116,48,1
117,49,1
118,50,1
119,24,50
120,51,52
121,4,55
122,52,1
123,53,1
124,54,1
125,55,1
126,28,55
127,56,10
128,57,1
129,58,1
130,59,1
131,60,1
132,61,1
133,62,1
134,63,1
135,64,1
136,24,48
137,65,40
138,66,40
139,25,50
140,31,50
141,26,52
142,2,52
143,2,55
144,3,55
145,2,58
146,67,42
147,68,36
148,68,46
149,68,50
150,69,50
151,68,34
152,68,38
153,68,40
154,67,36
155,67,40
156,70,42
157,67,38
158,67,44
159,70,44
160,67,46
161,70,46
162,67,48
163,70,48
164,67,50
165,70,50
166,67,52
167,70,52
168,67,34
169,71,8
170,72,8
171,73,8
172,74,8
173,75,8
174,76,8
175,77,8
176,78,2
177,79,2
178,80,2
179,81,2
180,82,2
181,83,2
182,84,8
183,85,8
184,86,8
185,68,44
186,69,44
187,68,48
188,68,42
189,69,46
190,69,48
191,69,42
192,87,5
193,88,5
194,89,2
195,90,2
196,68,52
197,68,55
198,69,55
199,91,5
200,69,52
201,67,55
202,70,55
203,24,52
204,92,1
205,93,1
206,51,55
207,23,48
208,36,12
209,4,58
210,23,50
211,26,50
212,94,42
213,23,52
214,95,42
215,96,42
216,1,52
217,97,42
218,28,58
219,28,61
220,51,58
221,98,36
222,98,38
223,98,32
224,99,42
225,100,42
226,100,44
227,98,34
228,101,36
229,102,34
230,102,36
231,100,34
232,103,38
233,102,38
234,104,26
235,100,24
236,103,24
237,100,32
238,103,34
239,101,28
240,105,30
241,98,28
242,99,30
243,106,34
244,107,24
245,108,26
246,102,30
247,104,30
248,104,32
249,107,28
250,100,36
251,105,28
252,103,30
253,103,32
254,105,38
255,104,42
256,109,44
257,105,32
258,108,24
259,99,28
260,99,32
261,99,34
262,108,34
263,108,36
264,108,38
265,108,42
266,103,28
267,99,36
268,104,38
269,109,42
270,101,32
271,102,44
272,102,46
273,101,46
274,104,34
275,104,36
276,103,42
277,102,42
278,105,44
279,100,46
280,103,44
281,103,46
282,107,44
283,103,36
284,103,40
285,98,40
286,98,42
287,100,30
288,101,30
289,108,28
290,103,12
291,103,26
292,99,10
293,109,46
294,107,10
295,98,22
296,99,44
297,100,10
298,98,24
299,102,14
300,98,16
301,99,12
302,107,12
303,99,26
304,105,22
305,108,44
306,104,46
307,98,30
308,104,40
309,107,40
310,102,40
311,108,46
312,104,22
313,106,44
314,106,46
315,103,14
316,107,36
317,105,12
318,105,8
319,103,10
320,101,42
321,105,14
322,103,22
323,105,34
324,102,32
325,107,8
326,107,26
327,105,36
328,104,44
329,107,22
330,101,24
331,100,14
332,98,26
333,98,46
334,105,16
335,105,46
336,101,40
337,107,14
338,101,44
339,98,10
340,109,40
341,102,10
342,98,14
343,100,28
344,107,42
345,100,16
346,102,12
347,101,26
348,104,14
349,106,36
350,100,8
351,103,8
352,108,40
353,106,42
354,100,40
355,99,46
356,99,48
357,102,22
358,104,24
359,100,22
360,98,8
361,99,16
362,98,12
363,101,48
364,107,46
365,102,8
366,100,12
367,105,40
368,99,38
369,105,26
370,108,32
371,103,16
372,102,16
373,107,30
374,105,10
375,107,32
376,107,16
377,102,48
378,101,38
379,100,38
380,99,40
381,105,42
382,110,46
383,110,48
384,110,50
385,110,52
386,111,46
387,111,48
388,112,42
389,111,50
390,111,44
391,111,52
392,112,40
393,106,40
394,101,34
395,100,48
396,98,50
397,106,32
398,107,38
399,98,44
400,108,48
401,107,34
402,106,38
403,106,48
404,109,48
405,104,48
406,102,28
407,99,8
408,108,30
409,103,5
410,104,16
411,99,22
412,99,14
413,104,10
414,104,12
415,104,8
416,102,24
417,105,24
418,99,24
419,113,61
420,67,61
421,114,3
422,91,3
423,115,3
424,116,3
425,117,3
426,88,3
427,118,3
428,119,3
429,31,52
430,34,55
431,24,58
432,120,6
433,121,6
434,122,6
435,123,6
436,124,6
437,125,6
438,126,6
439,21,52
440,127,14
441,128,3
442,129,3
443,130,3
444,131,3
445,132,3
446,133,3
447,134,3
448,135,3
449,136,3
450,128,2
451,137,2
452,130,2
453,134,2
454,138,2
455,131,2
456,139,2
457,140,2
458,141,2
459,142,5
460,61,3
461,143,3
462,144,3
463,145,2
464,146,2
465,147,26
466,147,32
467,147,34
468,147,38
469,147,40
470,147,24
471,147,36
472,147,28
473,147,30
474,147,44
475,147,16
476,104,28
477,100,26
478,107,5
479,105,48
480,100,5
481,102,26
482,105,5
483,147,46
484,147,48
485,147,42
486,147,22
487,104,5
488,107,48
489,103,48
490,98,48
491,148,48
492,148,50
493,101,50
494,102,50
495,149,44
496,149,46
497,149,36
498,149,42
499,149,38
500,149,40
501,149,50
502,149,48
503,150,48
504,150,50
505,150,52
506,149,52
507,151,48
508,99,50
509,147,50
510,152,26
511,153,36
512,147,52
513,154,28
514,147,55
515,107,50
516,100,50
517,104,3
518,100,3
519,103,3
520,102,3
521,155,13
522,98,3
523,105,3
524,156,3
525,157,3
526,158,3
527,159,3
528,160,3
529,161,3
530,162,3
531,163,3
532,107,3
533,164,42
534,165,42
535,166,46
536,167,42
537,166,44
538,167,44
539,166,42
540,168,46
541,169,46
542,168,48
543,170,48
544,168,50
545,170,50
546,171,44
547,170,46
548,169,48
549,168,40
550,170,40
551,170,42
552,165,40
553,165,30
554,164,30
555,165,26
556,172,44
557,173,46
558,172,46
559,164,36
560,164,28
561,172,48
562,164,44
563,165,28
564,173,44
565,173,48
566,167,46
567,174,26
568,167,38
569,175,46
570,169,26
571,176,26
572,177,26
573,170,28
574,178,28
575,170,30
576,167,30
577,167,32
578,169,44
579,166,48
580,169,50
581,167,40
582,175,44
583,179,46
584,169,42
585,167,34
586,166,40
587,167,36
588,169,28
589,180,26
590,181,26
591,168,42
592,168,44
593,169,30
594,169,34
595,182,26
596,183,26
597,182,30
598,166,38
599,169,40
600,171,46
601,167,48
602,179,44
603,180,28
604,170,32
605,169,32
606,169,36
607,170,44
608,166,50
609,166,52
610,167,52
611,170,34
612,166,36
613,170,26
614,168,38
615,170,38
616,180,30
617,165,24
618,165,44
619,165,46
620,165,48
621,173,34
622,165,22
623,182,28
624,169,16
625,176,16
626,184,16
627,169,22
628,169,38
629,170,16
630,185,16
631,186,16
632,176,22
633,187,22
634,171,48
635,174,16
636,182,24
637,180,22
638,182,22
639,181,22
640,183,22
641,179,34
642,180,16
643,171,50
644,171,52
645,171,55
646,170,36
647,170,22
648,177,22
649,171,34
650,182,16
651,183,16
652,169,24
653,176,24
654,177,24
655,186,26
656,174,24
657,170,24
658,186,22
659,165,38
660,164,38
661,164,40
662,165,36
663,174,22
664,188,16
665,168,36
666,189,16
667,190,44
668,191,44
669,191,46
670,190,48
671,192,34
672,172,42
673,164,34
674,165,34
675,164,46
676,164,50
677,190,36
678,180,36
679,191,38
680,191,42
681,182,42
682,180,42
683,180,44
684,190,46
685,180,46
686,180,48
687,182,34
688,191,36
689,182,36
690,182,32
691,182,38
692,167,50
693,180,32
694,180,34
695,190,38
696,180,38
697,190,42
698,182,44
699,182,46
700,190,50
701,180,58
702,182,58
703,172,40
704,164,48
705,165,50
706,164,32
707,165,32
708,173,50
709,180,24
710,191,40
711,182,40
712,186,24
713,191,48
714,182,48
715,191,50
716,190,40
717,180,40
718,177,16
719,179,48
720,180,50
721,175,34
722,193,24
723,193,26
724,194,22
725,194,24
726,193,22
727,194,26
728,168,52
729,170,52
730,175,48
731,175,50
732,173,52
733,173,55
734,172,50
735,164,52
736,172,52
737,182,50
738,187,24
739,187,26
740,187,16
741,181,24
742,65,28
743,66,28
744,190,52
745,180,52
746,183,24
747,193,16
748,179,50
749,195,44
750,169,52
751,167,55
752,165,52
753,165,55
754,191,52
755,172,55
756,182,52
757,175,52
758,175,55
759,169,55
760,148,30
761,196,44
762,148,10
763,197,10
764,198,42
765,199,16
766,199,10
767,200,5
768,200,8
769,201,6
770,199,8
771,202,34
772,203,34
773,204,46
774,205,50
775,204,50
776,205,52
777,204,52
778,205,55
779,204,55
780,205,58
781,204,58
782,205,40
783,204,40
784,206,32
785,207,32
786,207,34
787,202,40
788,203,40
789,202,42
790,203,42
791,202,44
792,203,44
793,202,46
794,203,46
795,206,46
796,207,46
797,206,48
798,207,48
799,206,50
800,207,50
801,206,58
802,207,58
803,206,61
804,207,61
805,205,46
806,206,44
807,205,42
808,207,44
809,208,8
810,209,3
811,202,48
812,203,48
813,202,52
814,203,52
815,205,32
816,204,32
817,207,40
818,206,42
819,207,42
820,205,38
821,204,38
822,202,24
823,205,44
824,204,44
825,204,42
826,205,36
827,205,48
828,204,48
829,202,38
830,203,38
831,202,32
832,203,32
833,205,30
834,204,30
835,202,50
836,203,50
837,202,58
838,203,58
839,202,61
840,203,61
841,202,30
842,202,28
843,203,30
844,205,34
845,204,34
846,204,36
847,202,36
848,203,36
849,210,2
850,203,24
851,202,55
852,203,55
853,206,36
854,207,36
855,206,30
856,207,30
857,206,34
858,207,38
859,206,40
860,206,28
861,211,48
862,207,28
863,212,22
864,213,22
865,214,24
866,215,24
867,216,16
868,217,16
869,212,6
870,218,6
871,213,6
872,216,6
873,206,52
874,207,52
875,206,55
876,207,55
877,212,8
878,219,21
879,218,44
880,212,10
881,213,10
882,212,12
883,213,12
884,212,24
885,213,24
886,213,8
887,218,10
888,214,22
889,215,22
890,214,16
891,215,16
892,216,10
893,214,12
894,215,12
895,218,12
896,212,16
897,213,16
898,214,28
899,215,28
900,214,14
901,215,14
902,216,8
903,214,10
904,215,10
905,218,8
906,65,30
907,66,30
908,65,32
909,66,32
910,220,8
911,217,8
912,221,8
913,214,8
914,215,8
915,212,14
916,213,14
917,216,14
918,217,14
919,216,22
920,217,22
921,216,12
922,217,12
923,222,8
924,223,2
925,224,6
926,224,8
927,218,14
928,225,10
929,226,10
930,227,10
931,228,10
932,218,36
933,229,2
934,206,2
935,224,2
936,230,2
937,206,38
938,205,61
939,204,61
940,231,2
941,214,6
942,215,6
943,218,34
944,220,22
945,218,16
946,65,10
947,232,10
948,66,10
949,65,12
950,233,2
951,234,2
952,218,22
953,65,22
954,232,22
955,66,22
956,220,16
957,218,24
958,235,2
959,236,2
960,224,16
961,220,6
962,217,6
963,237,9
964,237,11
965,220,10
966,220,12
967,224,10
968,238,2
969,224,24
970,206,24
971,207,24
972,218,42
973,224,12
974,196,36
975,198,36
976,148,22
977,197,22
978,239,5
979,240,34
980,196,34
981,196,42
982,198,34
983,148,34
984,196,22
985,241,40
986,148,16
987,197,16
988,198,30
989,148,42
990,242,42
991,243,42
992,244,42
993,245,42
994,148,44
995,148,38
996,198,44
997,246,40
998,246,46
999,247,46
1000,248,46
1001,249,48
1002,249,46
1003,250,46
1004,251,46
1005,252,48
1006,242,48
1007,253,48
1008,254,48
1009,246,50
1010,252,50
1011,246,52
1012,252,52
1013,246,55
1014,252,55
1015,242,55
1016,255,55
1017,246,44
1018,252,46
1019,256,44
1020,256,46
1021,256,48
1022,257,48
1023,148,46
1024,242,44
1025,253,44
1026,250,48
1027,251,48
1028,258,49
1029,242,46
1030,254,46
1031,246,42
1032,246,48
1033,253,46
1034,257,50
1035,249,50
1036,249,52
1037,249,55
1038,249,58
1039,256,42
1040,259,40
1041,242,50
1042,254,50
1043,260,49
1044,261,49
1045,260,51
1046,261,51
1047,262,51
1048,260,53
1049,261,53
1050,251,50
1051,256,50
1052,256,55
1053,263,55
1054,264,55
1055,250,44
1056,247,48
1057,248,48
1058,250,50
1059,253,50
1060,265,42
1061,148,26
1062,197,26
1063,241,38
1064,148,32
1065,242,32
1066,243,32
1067,244,32
1068,266,32
1069,242,34
1070,266,34
1071,241,42
1072,148,36
1073,198,40
1074,196,28
1075,267,40
1076,196,40
1077,198,38
1078,148,28
1079,198,28
1080,196,14
1081,148,12
1082,197,12
1083,242,12
1084,244,12
1085,268,44
1086,148,40
1087,240,44
1088,196,46
1089,196,48
1090,269,48
1091,148,6
1092,197,6
1093,270,8
1094,198,32
1095,271,32
1096,272,8
1097,196,8
1098,270,10
1099,268,40
1100,268,42
1101,267,42
1102,196,16
1103,241,44
1104,267,44
1105,267,30
1106,196,30
1107,242,38
1108,271,38
1109,245,44
1110,241,32
1111,196,32
1112,148,14
1113,197,14
1114,241,8
1115,196,24
1116,273,5
1117,274,5
1118,275,5
1119,241,5
1120,240,42
1121,240,46
1122,240,48
1123,276,46
1124,276,48
1125,272,22
1126,148,24
1127,197,24
1128,272,5
1129,277,3
1130,278,3
1131,279,3
1132,280,3
1133,281,3
1134,267,24
1135,196,10
1136,272,24
1137,148,8
1138,197,8
1139,271,34
1140,241,26
1141,267,26
1142,241,28
1143,267,28
1144,282,46
1145,268,50
1146,268,52
1147,148,1
1148,242,22
1149,244,22
1150,271,22
1151,241,34
1152,271,12
1153,267,32
1154,240,50
1155,196,50
1156,272,34
1157,196,26
1158,272,32
1159,241,36
1160,148,52
1161,269,50
1162,241,30
1163,272,30
1164,242,1
1165,283,1
1166,284,1
1167,240,36
1168,267,16
1169,241,46
1170,285,48
1171,285,50
1172,241,22
1173,241,12
1174,272,28
1175,267,34
1176,240,40
1177,241,10
1178,272,12
1179,241,48
1180,242,24
1181,244,24
1182,286,3
1183,287,3
1184,288,3
1185,240,38
1186,196,38
1187,289,3
1188,267,22
1189,267,38
1190,267,46
1191,276,50
1192,276,52
1193,240,32
1194,290,24
1195,271,24
1196,242,26
1197,271,26
1198,272,10
1199,267,12
1200,196,12
1201,242,8
1202,243,8
1203,271,8
1204,292,8
1205,242,28
1206,271,28
1207,282,48
1208,282,50
1209,282,52
1210,272,26
1211,241,2
1212,268,2
1213,267,36
1214,293,48
1215,272,16
1216,242,16
1217,271,16
1218,243,24
1219,244,44
1220,245,48
1221,294,48
1222,267,48
1223,240,30
1224,266,42
1225,241,14
1226,272,14
1227,241,16
1228,242,36
1229,244,36
1230,241,52
1231,293,52
1232,268,46
1233,268,48
1234,295,55
1235,242,14
1236,271,14
1237,242,30
1238,266,30
1239,271,30
1240,267,14
1241,243,16
1242,244,16
1243,241,24
1244,269,52
1245,243,34
1246,244,34
1247,296,2
1248,244,26
1249,242,10
1250,292,10
1251,46,10
1252,47,10
1253,297,12
1254,298,12
1255,299,12
1256,266,36
1257,271,36
1258,271,44
1259,293,50
1260,148,55
1261,271,48
1262,290,34
1263,243,1
1264,307,1
1265,242,40
1266,271,40
1267,245,40
1268,308,46
1269,266,44
1270,267,50
1271,309,3
1272,310,3
1273,271,42
1274,244,14
1275,266,48
1276,271,10
1277,290,8
1278,241,50
1279,243,22
1280,266,46
1281,271,46
1282,312,1
1283,285,52
1284,243,36
1285,266,40
1286,314,1
1287,245,46
1288,240,52
1289,196,52
1290,196,55
1291,243,26
1292,244,28
1293,276,55
1294,315,5
1295,316,26
1296,317,26
1297,244,30
1298,243,28
1299,294,50
1300,318,9
1301,319,9
1302,243,10
1303,244,40
1304,238,1
1305,320,1
1306,321,1
1307,322,1
1308,323,1
1309,324,1
1310,325,1
1311,326,1
1312,244,38
1313,243,30
1314,290,32
1315,245,50
1316,266,38
1317,209,5
1318,36,16
1319,36,22
1320,36,26
1321,327,46
1322,327,48
1323,327,50
1324,327,52
1325,327,42
1326,36,44
1327,36,42
1328,36,32
1329,36,46
1330,36,34
1331,36,50
1332,36,36
1333,36,48
1334,327,44
1335,327,40
1336,328,48
1337,329,48
1338,36,40
1339,36,28
1340,36,30
1341,327,38
1342,36,24
1343,330,5
1344,36,8
1345,155,29
1346,331,29
1347,37,8
1348,38,8
1349,39,8
1350,208,2
1351,199,2
1352,332,2
1353,333,2
1354,334,2
1355,335,2
1356,336,2
1357,337,2
1358,338,2
1359,339,5
1360,200,2
1361,200,10
1362,340,2
1363,341,2
1364,342,2
1365,343,2
1366,344,2
1367,345,2
1368,346,2
1369,348,5
1370,349,5
1371,199,5
1372,350,5
1373,351,5
1374,352,5
1375,208,5
1376,208,6
1377,353,5
1378,354,5
1379,355,5
1380,356,5
1381,357,5
1382,358,2
1383,359,2
1384,208,3
1385,360,3
1386,361,3
1387,368,3
1388,369,3
1389,345,3
1390,370,3
1391,362,3
1392,371,3
1393,372,3
1394,373,3
1395,353,3
1396,374,3
1397,43,3
1398,44,3
1399,375,3
1400,47,3
1401,376,3
1402,377,3
1403,355,3
1404,378,3
1405,379,3
1406,363,3
1407,380,3
1408,381,3
1409,382,3
1410,383,3
1411,384,6
1412,385,6
1413,36,38
1414,36,52
1415,36,55
1416,41,16
1417,42,16
1418,327,55
1419,36,14
1420,386,14
1421,387,14
1422,388,14
1423,389,28
1424,390,28
1425,391,14
1426,392,32
1427,392,46
1428,393,46
1429,392,48
1430,392,50
1431,392,44
1432,392,22
1433,392,40
1434,393,40
1435,392,24
1436,392,30
1437,392,34
1438,392,28
1439,392,42
1440,392,38
1441,392,26
1442,393,30
1443,394,46
1444,392,36
1445,393,28
1446,393,34
1447,393,36
1448,392,16
1449,392,14
1450,392,12
1451,393,44
1452,393,42
1453,393,48
1454,392,52
1455,393,38
1456,395,46
1457,394,48
1458,395,48
1459,392,10
1460,394,50
1461,395,50
1462,393,32
1463,394,52
1464,394,55
1465,393,52
1466,392,55
1467,392,58
1468,393,61
1469,393,55
1470,347,28
1471,396,28
1472,347,30
1473,396,30
1474,238,30
1475,225,30
1476,347,32
1477,396,32
1478,8,32
1479,397,32
1480,347,34
1481,396,34
1482,238,32
1483,238,46
1484,238,50
1485,225,50
1486,347,38
1487,238,22
1488,225,22
1489,397,24
1490,396,12
1491,8,28
1492,397,22
1493,397,30
1494,396,10
1495,8,10
1496,397,10
1497,238,16
1498,397,36
1499,238,36
1500,225,36
1501,238,40
1502,347,10
1503,238,10
1504,8,30
1505,238,24
1506,225,24
1507,8,42
1508,8,44
1509,8,34
1510,397,34
1511,225,34
1512,347,36
1513,396,36
1514,8,36
1515,225,32
1516,347,22
1517,396,22
1518,347,24
1519,396,24
1520,347,40
1521,396,40
1522,8,40
1523,397,40
1524,225,28
1525,347,44
1526,347,52
1527,347,14
1528,396,14
1529,347,16
1530,396,16
1531,397,16
1532,238,28
1533,8,12
1534,8,16
1535,238,34
1536,347,46
1537,347,48
1538,8,24
1539,347,26
1540,8,26
1541,238,14
1542,8,14
1543,8,22
1544,347,42
1545,347,12
1546,8,38
1547,396,26
1548,238,26
1549,225,26
1550,397,26
1551,397,28
1552,396,44
1553,347,2
1554,347,6
1555,8,6
1556,238,6
1557,225,6
1558,396,46
1559,238,5
1560,225,16
1561,398,1
1562,399,1
1563,401,2
1564,402,30
1565,227,30
1566,228,30
1567,397,6
1568,8,5
1569,397,5
1570,397,8
1571,397,12
1572,403,5
1573,347,8
1574,396,8
1575,398,5
1576,404,5
1577,405,5
1578,406,5
1579,407,6
1580,408,6
1581,8,8
1582,238,12
1583,225,8
1584,225,12
1585,397,14
1586,409,8
1587,410,8
1588,225,5
1589,238,8
1590,411,9
1591,347,1
1592,412,2
1593,8,46
1594,8,48
1595,397,48
1596,238,42
1597,397,42
1598,238,44
1599,402,42
1600,227,42
1601,228,42
1602,238,38
1603,225,38
1604,225,42
1605,396,42
1606,225,40
1607,225,44
1608,225,46
1609,397,44
1610,397,46
1611,402,44
1612,227,44
1613,8,50
1614,8,52
1615,8,55
1616,396,48
1617,347,50
1618,396,50
1619,397,50
1620,396,38
1621,397,38
1622,396,3
1623,238,3
1624,414,2
1625,347,3
1626,8,3
1627,225,14
1628,238,48
1629,225,48
1630,402,36
1631,227,36
1632,228,36
1633,402,38
1634,227,38
1635,228,38
1636,402,34
1637,227,34
1638,228,34
1639,402,26
1640,227,26
1641,228,26
1642,402,22
1643,227,22
1644,402,28
1645,227,28
1646,228,28
1647,65,34
1648,66,34
1649,413,2
1650,322,2
1651,415,2
1652,416,6
1653,65,6
1654,417,5
1655,418,5
1656,412,1
1657,419,2
1658,420,2
1659,421,2
1660,422,2
1661,423,2
1662,424,2
1663,425,2
1664,426,2
1665,427,2
1666,428,2
1667,429,2
1668,430,2
1669,402,6
1670,227,6
1671,431,14
1672,432,14
1673,433,12
1674,402,8
1675,227,8
1676,434,6
1677,436,6
1678,437,1
1679,438,1
1680,65,44
1681,66,44
1682,397,52
1683,8,58
1684,397,58
1685,402,14
1686,227,14
1687,439,10
1688,440,10
1689,238,52
1690,225,52
1691,238,55
1692,225,55
1693,441,30
1694,442,6
1695,443,6
1696,444,16
1697,445,16
1698,433,16
1699,446,16
1700,447,22
1701,448,22
1702,363,8
1703,449,6
1704,402,16
1705,227,16
1706,65,36
1707,66,36
1708,450,3
1709,451,3
1710,297,22
1711,297,24
1712,297,38
1713,297,42
1714,297,46
1715,297,50
1716,297,30
1717,297,28
1718,297,44
1719,297,26
1720,297,48
1721,297,6
1722,297,16
1723,452,5
1724,297,8
1725,297,10
1726,297,2
1727,331,13
1728,453,46
1729,453,48
1730,453,50
1731,453,52
1732,453,55
1733,453,58
1734,453,61
1735,297,32
1736,297,36
1737,297,40
1738,297,34
1739,454,48
1740,455,48
1741,456,48
1742,457,48
1743,456,50
1744,457,50
1745,456,52
1746,457,52
1747,297,3
1748,297,5
1749,458,10
1750,459,10
1751,460,23
1752,411,15
1753,452,10
1754,41,10
1755,386,10
1756,461,10
1757,458,3
1758,462,3
1759,463,3
1760,464,46
1761,465,46
1762,466,46
1763,467,46
1764,468,46
1765,464,44
1766,465,44
1767,466,44
1768,467,44
1769,468,44
1770,464,42
1771,465,42
1772,466,42
1773,467,42
1774,468,42
1775,469,44
1776,464,40
1777,465,40
1778,466,40
1779,467,40
1780,468,40
1781,464,38
1782,465,38
1783,466,38
1784,467,38
1785,468,38
1786,464,30
1787,469,30
1788,465,30
1789,466,30
1790,467,30
1791,468,30
1792,464,28
1793,465,28
1794,466,28
1795,467,28
1796,468,28
1797,464,32
1798,465,32
1799,466,32
1800,467,32
1801,468,32
1802,464,26
1803,465,26
1804,466,26
1805,467,26
1806,468,26
1807,470,40
1808,469,46
1809,464,36
1810,465,36
1811,466,36
1812,467,36
1813,468,36
1814,464,48
1815,469,48
1816,465,48
1817,466,48
1818,467,48
1819,468,48
1820,464,50
1821,469,50
1822,467,50
1823,468,50
1824,464,34
1825,465,34
1826,466,34
1827,467,34
1828,468,34
1829,469,28
1830,470,42
1831,469,22
1832,464,24
1833,469,24
1834,471,24
1835,465,24
1836,466,24
1837,467,24
1838,468,24
1839,470,46
1840,470,44
1841,469,42
1842,472,46
1843,469,32
1844,469,34
1845,469,38
1846,469,36
1847,469,40
1848,470,48
1849,470,50
1850,470,52
1851,472,48
1852,469,12
1853,473,22
1854,474,22
1855,475,22
1856,476,22
1857,477,22
1858,478,22
1859,479,22
1860,480,22
1861,473,24
1862,474,24
1863,475,24
1864,476,24
1865,477,24
1866,478,24
1867,479,24
1868,480,24
1869,473,26
1870,475,26
1871,476,26
1872,477,26
1873,478,26
1874,479,26
1875,480,26
1876,473,28
1877,474,28
1878,475,28
1879,476,28
1880,477,28
1881,478,28
1882,479,28
1883,480,28
1884,465,50
1885,466,50
1886,469,16
1887,469,26
1888,471,26
1889,481,50
1890,481,52
1891,473,16
1892,474,16
1893,475,16
1894,476,16
1895,477,16
1896,478,16
1897,479,16
1898,480,16
1899,481,48
1900,464,52
1901,469,52
1902,465,52
1903,466,52
1904,467,52
1905,468,52
1906,469,55
1907,466,55
1908,468,55
1909,466,58
1910,468,58
1911,466,61
1912,473,32
1913,475,32
1914,476,32
1915,477,32
1916,478,32
1917,479,32
1918,480,32
1919,473,30
1920,475,30
1921,476,30
1922,477,30
1923,478,30
1924,479,30
1925,480,30
1926,473,44
1927,475,44
1928,476,44
1929,477,44
1930,478,44
1931,479,44
1932,480,44
1933,473,46
1934,475,46
1935,476,46
1936,477,46
1937,478,46
1938,479,46
1939,480,46
1940,473,40
1941,475,40
1942,476,40
1943,477,40
1944,478,40
1945,479,40
1946,480,40
1947,474,26
1948,474,30
1949,473,36
1950,475,36
1951,476,36
1952,477,36
1953,478,36
1954,479,36
1955,480,36
1956,473,34
1957,475,34
1958,476,34
1959,477,34
1960,478,34
1961,479,34
1962,480,34
1963,473,42
1964,475,42
1965,476,42
1966,477,42
1967,478,42
1968,479,42
1969,480,42
1970,473,38
1971,475,38
1972,476,38
1973,477,38
1974,478,38
1975,479,38
1976,480,38
1977,473,3
1978,482,3
1979,483,3
1980,474,3
1981,484,8
1982,474,8
1983,473,5
1984,473,8
1985,485,10
1986,474,46
1987,473,48
1988,474,48
1989,475,48
1990,476,48
1991,477,48
1992,478,48
1993,479,48
1994,480,48
1995,474,44
1996,473,2
1997,474,32
1998,474,38
1999,474,42
2000,474,36
2001,474,34
2002,473,50
2003,475,50
2004,479,50
2005,473,52
2006,479,52
2007,479,55
2008,474,40
2009,486,8
2010,473,6
2011,486,6
2012,474,5
2013,484,6
2014,474,50
2015,477,50
2016,478,50
2017,480,50
2018,473,10
2019,474,10
2020,476,10
2021,477,10
2022,478,10
2023,479,10
2024,480,10
2025,487,10
2026,488,10
2027,473,12
2028,474,12
2029,476,12
2030,477,12
2031,478,12
2032,479,12
2033,480,12
2034,473,14
2035,474,14
2036,475,14
2037,477,14
2038,479,14
2039,480,14
2040,478,14
2041,489,6
2042,476,14
2043,416,10
2044,490,6
2045,491,6
2046,492,24
2047,493,8
2048,494,8
2049,495,8
2050,496,8
2051,497,8
2052,498,8
2053,499,8
2054,500,8
2055,501,8
2056,502,8
2057,503,10
2058,501,10
2059,504,10
2060,502,10
2061,505,2
2062,507,2
2063,508,2
2064,456,36
2065,509,2
2066,474,6
2067,510,5
2068,476,50
2069,475,52
2070,477,52
2071,476,1
2072,477,1
2073,511,1
2074,478,1
2075,512,1
2076,479,1
2077,480,1
2078,513,1
2079,514,1
2080,515,1
2081,516,1
2082,517,1
2083,518,1
2084,519,1
2085,362,1
2086,520,1
2087,521,1
2088,513,5
2089,517,5
2090,526,1
2091,527,1
2092,487,1
2093,528,1
2094,529,1
2095,530,1
2096,487,14
2097,531,14
2098,513,6
2099,532,6
2100,46,8
2101,533,14
2102,534,6
2103,535,6
2104,536,6
2105,522,6
2106,537,6
2107,538,6
2108,540,5
2109,474,52
2110,478,52
2111,480,52
2112,513,8
2113,541,8
2114,45,6
2115,543,6
2116,544,6
2117,545,5
2118,548,5
2119,549,5
2120,44,5
2121,45,5
2122,46,5
2123,47,5
2124,518,6
2125,550,3
2126,477,3
2127,476,3
2128,478,3
2129,487,3
2130,488,3
2131,479,3
2132,533,3
2133,551,3
2134,552,3
2135,553,3
2136,554,3
2137,555,46
2138,555,42
2139,555,38
2140,555,40
2141,555,34
2142,555,36
2143,555,44
2144,555,48
2145,555,50
2146,555,52
2147,151,44
2148,151,50
2149,555,55
2150,151,36
2151,151,38
2152,151,40
2153,151,46
2154,151,52
2155,151,42
2156,555,16
2157,556,44
2158,151,55
2159,151,58
2160,557,15
2161,558,15
2162,559,15
2163,560,46
2164,560,48
2165,560,50
2166,561,44
2167,562,44
2168,563,42
2169,564,44
2170,562,46
2171,564,48
2172,564,50
2173,560,44
2174,565,42
2175,566,46
2176,566,48
2177,564,46
2178,567,48
2179,561,46
2180,568,42
2181,567,44
2182,569,44
2183,566,44
2184,570,42
2185,569,46
2186,561,48
2187,567,46
2188,571,42
2189,562,48
2190,564,52
2191,561,50
2192,561,52
2193,560,52
2194,572,42
2195,567,50
2196,573,50
2197,566,50
2198,569,48
2199,574,42
2200,569,50
2201,567,52
2202,575,44
2203,562,50
2204,566,52
2205,576,44
2206,575,46
2207,577,46
2208,578,38
2209,579,46
2210,580,34
2211,580,36
2212,581,40
2213,575,38
2214,576,40
2215,576,42
2216,576,38
2217,582,38
2218,577,42
2219,581,34
2220,577,40
2221,582,46
2222,581,44
2223,582,36
2224,578,36
2225,579,44
2226,577,44
2227,575,36
2228,575,42
2229,576,36
2230,582,40
2231,582,42
2232,575,40
2233,580,42
2234,579,38
2235,580,46
2236,575,48
2237,581,38
2238,581,36
2239,576,34
2240,582,34
2241,580,44
2242,577,38
2243,575,30
2244,579,42
2245,579,48
2246,580,38
2247,582,44
2248,582,48
2249,582,50
2250,581,48
2251,578,34
2252,576,46
2253,581,42
2254,580,30
2255,580,48
2256,580,50
2257,575,34
2258,576,48
2259,576,50
2260,577,48
2261,577,50
2262,581,46
2263,580,40
2264,578,40
2265,331,43
2266,331,45
2267,155,45
2268,155,47
2269,578,30
2270,582,30
2271,579,40
2272,581,50
2273,580,52
2274,582,52
2275,581,52
2276,579,50
2277,575,50
2278,583,40
2279,584,40
2280,575,52
2281,65,24
2282,66,24
2283,65,26
2284,65,38
2285,66,26
2286,65,46
2287,402,32
2288,227,32
2289,228,32
2290,585,28
2291,586,28
2292,65,42
2293,442,30
2294,443,30
2295,65,16
2296,66,38
2297,66,42
2298,442,22
2299,443,22
2300,65,8
2301,65,48
2302,587,9
2303,442,28
2304,443,28
2305,402,12
2306,227,12
2307,65,50
2308,65,14
2309,442,32
2310,588,32
2311,589,15
2312,65,52
2313,590,28
2314,591,12
2315,592,12
2316,442,16
2317,449,16
2318,593,6
2319,594,6
2320,595,6
2321,590,6
2322,442,10
2323,443,10
2324,596,22
2325,597,6
2326,442,14
2327,590,14
2328,398,36
2329,442,26
2330,443,26
2331,195,46
2332,195,48
2333,598,46
2334,599,46
2335,600,48
2336,303,32
2337,201,34
2338,303,36
2339,601,42
2340,201,22
2341,201,10
2342,602,22
2343,601,24
2344,303,24
2345,601,46
2346,201,12
2347,601,12
2348,603,12
2349,604,40
2350,602,34
2351,300,22
2352,605,24
2353,603,28
2354,303,22
2355,601,16
2356,601,40
2357,604,42
2358,300,30
2359,300,32
2360,300,34
2361,602,36
2362,601,30
2363,606,46
2364,300,44
2365,300,46
2366,300,48
2367,601,28
2368,603,34
2369,300,16
2370,605,30
2371,605,44
2372,602,28
2373,602,30
2374,605,34
2375,300,36
2376,300,40
2377,604,46
2378,602,46
2379,603,30
2380,605,22
2381,601,22
2382,603,32
2383,603,44
2384,603,22
2385,607,46
2386,120,12
2387,608,40
2388,598,44
2389,608,38
2390,609,46
2391,609,48
2392,610,44
2393,611,46
2394,598,48
2395,600,46
2396,195,40
2397,600,50
2398,598,50
2399,599,48
2400,201,26
2401,303,28
2402,303,30
2403,201,24
2404,602,26
2405,605,46
2406,303,34
2407,604,44
2408,201,40
2409,602,40
2410,601,38
2411,201,30
2412,300,10
2413,606,48
2414,606,50
2415,201,36
2416,201,42
2417,603,26
2418,201,44
2419,602,44
2420,303,26
2421,201,16
2422,201,28
2423,201,38
2424,604,48
2425,201,32
2426,605,16
2427,201,46
2428,602,48
2429,606,52
2430,606,55
2431,201,48
2432,604,50
2433,601,52
2434,601,50
2435,602,55
2436,601,26
2437,601,32
2438,201,50
2439,607,48
2440,602,50
2441,601,36
2442,300,26
2443,601,34
2444,601,44
2445,300,42
2446,300,6
2447,300,12
2448,300,14
2449,605,26
2450,601,48
2451,201,52
2452,605,28
2453,300,24
2454,598,36
2455,598,40
2456,605,40
2457,602,16
2458,612,6
2459,605,42
2460,300,28
2461,604,38
2462,605,12
2463,602,24
2464,300,38
2465,611,42
2466,195,42
2467,303,12
2468,303,10
2469,603,2
2470,201,2
2471,201,8
2472,303,16
2473,603,40
2474,613,2
2475,614,2
2476,615,8
2477,616,8
2478,617,2
2479,201,5
2480,303,8
2481,603,10
2482,300,8
2483,300,5
2484,603,24
2485,605,8
2486,603,8
2487,618,12
2488,605,36
2489,611,44
2490,195,50
2491,195,52
2492,195,55
2493,195,58
2494,609,44
2495,609,42
2496,303,14
2497,201,14
2498,602,42
2499,303,40
2500,603,14
2501,605,10
2502,619,14
2503,603,16
2504,303,44
2505,605,32
2506,303,38
2507,620,8
2508,621,8
2509,603,36
2510,603,42
2511,605,14
2512,609,38
2513,622,36
2514,622,38
2515,599,42
2516,608,42
2517,608,36
2518,599,36
2519,599,38
2520,598,38
2521,598,42
2522,195,36
2523,195,38
2524,599,44
2525,602,38
2526,603,38
2527,604,36
2528,605,38
2529,609,40
2530,609,36
2531,599,40
2532,622,40
2533,609,52
2534,609,55
2535,609,58
2536,303,42
2537,201,3
2538,602,5
2539,602,10
2540,602,14
2541,605,48
2542,601,5
2543,300,50
2544,607,50
2545,611,48
2546,611,50
2547,602,32
2548,623,6
2549,300,52
2550,303,2
2551,300,2
2552,605,52
2553,602,12
2554,601,10
2555,624,10
2556,601,14
2557,605,50
2558,599,50
2559,201,55
2560,611,52
2561,609,50
2562,625,3
2563,600,52
2564,607,52
2565,626,10
2566,444,14
2567,445,14
2568,627,14
2569,628,14
2570,629,14
2571,602,52
2572,601,55
2573,604,52
2574,607,55
2575,489,16
2576,489,8
2577,300,55
2578,605,58
2579,604,61
2580,604,55
2581,630,14
2582,631,14
2583,599,52
2584,599,55
2585,605,55
2586,489,22
2587,618,16
2588,602,3
2589,632,3
2590,601,3
2591,633,3
2592,300,3
2593,634,3
2594,635,36
2595,605,3
2596,636,3
2597,637,3
2598,638,42
2599,639,44
2600,640,46
2601,641,46
2602,641,48
2603,642,46
2604,643,46
2605,642,48
2606,643,48
2607,643,44
2608,642,58
2609,643,58
2610,644,34
2611,596,44
2612,639,36
2613,639,38
2614,639,40
2615,640,48
2616,640,55
2617,638,46
2618,638,48
2619,645,48
2620,638,58
2621,645,58
2622,646,40
2623,596,10
2624,596,16
2625,647,22
2626,648,30
2627,493,28
2628,648,28
2629,646,30
2630,646,22
2631,640,26
2632,493,22
2633,493,24
2634,647,16
2635,644,36
2636,596,24
2637,596,26
2638,596,28
2639,649,32
2640,646,24
2641,647,10
2642,647,14
2643,640,24
2644,650,34
2645,650,36
2646,596,40
2647,596,48
2648,596,30
2649,651,46
2650,640,28
2651,639,32
2652,647,42
2653,646,16
2654,647,28
2655,647,30
2656,646,26
2657,640,30
2658,652,34
2659,653,34
2660,653,36
2661,653,40
2662,653,42
2663,653,44
2664,192,36
2665,654,40
2666,648,40
2667,647,40
2668,654,44
2669,648,44
2670,647,44
2671,654,46
2672,648,46
2673,649,36
2674,655,42
2675,646,42
2676,649,34
2677,654,50
2678,648,50
2679,647,50
2680,654,42
2681,648,42
2682,648,48
2683,643,40
2684,645,42
2685,642,44
2686,192,38
2687,656,46
2688,657,48
2689,656,48
2690,638,40
2691,645,40
2692,642,42
2693,643,42
2694,643,50
2695,655,44
2696,646,44
2697,655,46
2698,646,46
2699,658,26
2700,651,48
2701,640,50
2702,640,52
2703,639,42
2704,644,32
2705,493,26
2706,641,50
2707,659,5
2708,660,5
2709,661,5
2710,646,28
2711,639,34
2712,596,46
2713,648,26
2714,647,26
2715,641,52
2716,641,55
2717,650,32
2718,662,40
2719,662,42
2720,663,46
2721,663,50
2722,640,10
2723,585,6
2724,666,6
2725,667,6
2726,668,6
2727,669,6
2728,503,6
2729,501,6
2730,504,6
2731,647,46
2732,654,48
2733,647,48
2734,654,52
2735,648,52
2736,654,55
2737,648,55
2738,647,55
2739,648,24
2740,647,24
2741,493,30
2742,649,38
2743,596,42
2744,192,32
2745,653,38
2746,646,6
2747,670,6
2748,650,38
2749,642,50
2750,642,55
2751,643,55
2752,638,44
2753,651,50
2754,651,58
2755,678,8
2756,679,10
2757,680,10
2758,681,8
2759,682,8
2760,683,8
2761,493,2
2762,494,2
2763,684,2
2764,685,2
2765,686,2
2766,640,8
2767,440,8
2768,653,32
2769,646,2
2770,678,2
2771,687,5
2772,494,5
2773,493,5
2774,646,8
2775,645,44
2776,647,52
2777,645,46
2778,642,52
2779,643,52
2780,655,48
2781,646,48
2782,655,50
2783,646,50
2784,655,52
2785,646,52
2786,655,55
2787,646,55
2788,644,38
2789,596,14
2790,688,8
2791,642,61
2792,643,61
2793,596,50
2794,596,55
2795,596,58
2796,657,50
2797,656,50
2798,657,58
2799,657,52
2800,640,5
2801,440,5
2802,689,5
2803,690,5
2804,640,6
2805,652,36
2806,691,48
2807,663,44
2808,663,48
2809,640,58
2810,651,55
2811,692,34
2812,651,52
2813,640,61
2814,693,8
2815,494,6
2816,694,6
2817,493,6
2818,695,6
2819,696,6
2820,697,6
2821,647,58
2822,363,1
2823,698,1
2824,699,1
2825,700,1
2826,366,1
2827,701,1
2828,367,1
2829,434,10
2830,702,10
2831,651,61
2832,692,32
2833,440,6
2834,503,8
2835,652,38
2836,658,24
2837,703,21
2838,638,50
2839,645,50
2840,640,2
2841,503,5
2842,704,11
2843,708,6
2844,434,2
2845,709,2
2846,710,2
2847,504,5
2848,711,6
2849,712,6
2850,501,5
2851,678,6
2852,713,1
2853,714,1
2854,675,1
2855,715,1
2856,716,6
2857,638,52
2858,645,52
2859,645,55
2860,596,52
2861,717,1
2862,434,16
2863,702,16
2864,691,50
2865,691,52
2866,641,58
2867,657,55
2868,666,28
2869,719,46
2870,720,12
2871,721,5
2872,722,5
2873,504,8
2874,585,14
2875,586,14
2876,363,10
2877,698,10
2878,723,10
2879,724,10
2880,655,58
2881,434,5
2882,725,5
2883,726,5
2884,727,5
2885,728,5
2886,729,5
2887,730,6
2888,731,6
2889,732,6
2890,733,6
2891,734,6
2892,735,6
2893,736,6
2894,691,55
2895,691,58
2896,737,6
2897,738,6
2898,648,58
2899,739,40
2900,740,40
2901,741,40
2902,742,46
2903,742,48
2904,398,48
2905,398,40
2906,743,40
2907,404,40
2908,742,42
2909,398,42
2910,744,44
2911,626,44
2912,743,38
2913,404,38
2914,745,38
2915,746,38
2916,398,38
2917,398,46
2918,743,46
2919,747,46
2920,742,50
2921,398,50
2922,742,52
2923,742,44
2924,398,44
2925,744,38
2926,626,38
2927,747,38
2928,748,38
2929,749,46
2930,749,48
2931,748,46
2932,750,42
2933,750,44
2934,750,46
2935,751,46
2936,750,48
2937,752,42
2938,739,42
2939,753,42
2940,754,42
2941,753,44
2942,752,44
2943,754,44
2944,752,38
2945,739,38
2946,755,38
2947,744,42
2948,747,42
2949,756,38
2950,747,44
2951,753,46
2952,752,46
2953,757,46
2954,739,46
2955,758,46
2956,751,42
2957,749,42
2958,759,42
2959,760,46
2960,761,46
2961,762,36
2962,739,36
2963,763,36
2964,758,36
2965,764,34
2966,761,34
2967,759,34
2968,750,40
2969,751,40
2970,752,22
2971,762,22
2972,752,16
2973,760,16
2974,739,32
2975,763,32
2976,754,32
2977,765,32
2978,749,32
2979,759,32
2980,752,36
2981,764,36
2982,760,36
2983,760,22
2984,211,44
2985,739,22
2986,750,36
2987,754,36
2988,765,36
2989,739,30
2990,751,30
2991,754,46
2992,765,46
2993,754,48
2994,752,32
2995,211,40
2996,454,40
2997,211,42
2998,454,42
2999,454,44
3000,752,40
3001,764,40
3002,752,24
3003,760,24
3004,760,34
3005,739,34
3006,763,34
3007,749,34
3008,751,36
3009,751,22
3010,745,12
3011,756,32
3012,766,32
3013,755,32
3014,745,10
3015,756,10
3016,626,22
3017,404,24
3018,745,24
3019,744,32
3020,626,32
3021,744,34
3022,626,34
3023,755,30
3024,398,22
3025,745,22
3026,626,14
3027,756,22
3028,626,24
3029,756,28
3030,766,30
3031,404,22
3032,744,40
3033,626,40
3034,404,28
3035,748,28
3036,404,46
3037,746,46
3038,404,48
3039,746,48
3040,756,24
3041,746,22
3042,404,34
3043,746,34
3044,756,34
3045,766,34
3046,747,40
3047,767,40
3048,404,14
3049,745,14
3050,756,44
3051,746,40
3052,755,48
3053,398,52
3054,746,44
3055,768,44
3056,746,30
3057,626,30
3058,398,28
3059,398,30
3060,404,30
3061,748,30
3062,398,32
3063,743,32
3064,747,32
3065,756,14
3066,756,36
3067,766,36
3068,398,14
3069,398,24
3070,404,32
3071,398,12
3072,398,10
3073,404,10
3074,404,12
3075,746,12
3076,756,12
3077,211,46
3078,456,46
3079,740,42
3080,741,42
3081,758,42
3082,754,28
3083,758,28
3084,454,46
3085,754,26
3086,750,32
3087,751,32
3088,211,36
3089,454,36
3090,211,26
3091,454,26
3092,760,40
3093,761,40
3094,764,42
3095,769,8
3096,770,8
3097,771,8
3098,772,8
3099,739,26
3100,739,28
3101,752,30
3102,762,30
3103,764,32
3104,762,32
3105,758,32
3106,752,34
3107,762,34
3108,758,34
3109,211,30
3110,454,30
3111,211,32
3112,454,32
3113,764,38
3114,760,38
3115,761,38
3116,762,38
3117,758,38
3118,752,14
3119,760,14
3120,760,42
3121,762,26
3122,762,28
3123,759,30
3124,752,26
3125,760,26
3126,750,38
3127,751,38
3128,754,38
3129,759,38
3130,762,40
3131,754,40
3132,749,40
3133,758,40
3134,762,44
3135,758,44
3136,752,12
3137,760,12
3138,754,30
3139,760,32
3140,761,32
3141,751,14
3142,211,38
3143,454,38
3144,760,30
3145,758,30
3146,752,6
3147,761,42
3148,751,26
3149,740,44
3150,741,44
3151,765,38
3152,763,38
3153,751,44
3154,752,28
3155,760,28
3156,754,34
3157,765,34
3158,764,46
3159,762,46
3160,763,44
3161,751,28
3162,750,34
3163,751,34
3164,759,36
3165,759,46
3166,211,34
3167,454,34
3168,211,28
3169,454,28
3170,759,40
3171,760,44
3172,761,44
3173,765,44
3174,759,44
3175,761,48
3176,763,42
3177,764,44
3178,739,44
3179,763,46
3180,751,24
3181,739,16
3182,749,44
3183,739,12
3184,739,14
3185,761,36
3186,763,40
3187,753,48
3188,752,48
3189,764,48
3190,762,48
3191,757,48
3192,765,48
3193,758,48
3194,765,40
3195,765,42
3196,762,50
3197,751,12
3198,773,48
3199,211,50
3200,454,50
3201,455,50
3202,455,55
3203,746,24
3204,745,46
3205,743,42
3206,404,42
3207,745,42
3208,745,44
3209,755,42
3210,774,44
3211,775,5
3212,776,5
3213,777,5
3214,778,5
3215,779,5
3216,780,5
3217,781,5
3218,782,42
3219,456,42
3220,746,5
3221,745,5
3222,404,8
3223,746,8
3224,745,8
3225,746,10
3226,755,28
3227,398,6
3228,404,6
3229,745,6
3230,774,40
3231,745,40
3232,755,40
3233,746,32
3234,743,44
3235,404,44
3236,767,42
3237,768,42
3238,768,30
3239,626,28
3240,782,46
3241,767,32
3242,768,32
3243,746,6
3244,398,26
3245,745,26
3246,746,14
3247,756,5
3248,626,5
3249,767,46
3250,774,34
3251,745,34
3252,755,34
3253,745,36
3254,755,36
3255,782,28
3256,774,32
3257,748,32
3258,743,36
3259,768,36
3260,745,28
3261,756,46
3262,766,46
3263,755,46
3264,774,30
3265,745,30
3266,767,44
3267,774,46
3268,768,46
3269,767,48
3270,768,48
3271,782,10
3272,534,10
3273,782,24
3274,782,26
3275,767,34
3276,768,34
3277,748,34
3278,782,36
3279,782,38
3280,456,38
3281,782,40
3282,456,40
3283,755,44
3284,774,48
3285,746,26
3286,626,26
3287,782,34
3288,456,34
3289,766,44
3290,398,8
3291,756,26
3292,404,36
3293,746,36
3294,456,26
3295,456,28
3296,744,36
3297,626,36
3298,398,16
3299,766,38
3300,756,40
3301,745,48
3302,747,48
3303,774,50
3304,745,50
3305,755,50
3306,746,28
3307,743,2
3308,783,2
3309,766,2
3310,784,2
3311,748,26
3312,782,16
3313,456,16
3314,626,42
3315,782,44
3316,746,42
3317,748,44
3318,768,38
3319,626,46
3320,626,48
3321,782,12
3322,456,12
3323,785,12
3324,786,12
3325,456,24
3326,456,44
3327,743,34
3328,782,22
3329,404,26
3330,756,16
3331,766,40
3332,748,42
3333,745,32
3334,398,34
3335,747,34
3336,747,36
3337,744,46
3338,744,48
3339,626,6
3340,787,6
3341,748,36
3342,748,40
3343,626,8
3344,757,50
3345,754,50
3346,765,50
3347,758,50
3348,756,42
3349,766,42
3350,782,32
3351,456,32
3352,768,40
3353,762,6
3354,769,10
3355,211,10
3356,211,12
3357,753,50
3358,752,50
3359,211,14
3360,454,14
3361,211,16
3362,454,16
3363,751,48
3364,211,22
3365,454,22
3366,762,16
3367,769,6
3368,454,24
3369,454,52
3370,782,48
3371,745,16
3372,456,22
3373,782,30
3374,456,30
3375,788,1
3376,774,42
3377,404,16
3378,746,16
3379,619,6
3380,789,6
3381,790,6
3382,791,6
3383,782,14
3384,456,14
3385,792,3
3386,793,3
3387,664,3
3388,756,48
3389,756,50
3390,766,50
3391,763,48
3392,759,48
3393,762,24
3394,752,8
3395,405,8
3396,406,8
3397,619,12
3398,756,8
3399,405,10
3400,406,10
3401,405,12
3402,406,12
3403,619,16
3404,782,8
3405,405,6
3406,406,6
3407,787,8
3408,626,12
3409,534,8
3410,619,2
3411,789,2
3412,794,2
3413,795,2
3414,796,2
3415,456,5
3416,619,24
3417,456,10
3418,331,15
3419,155,15
3420,619,10
3421,626,16
3422,770,22
3423,797,22
3424,760,48
3425,754,52
3426,764,50
3427,752,52
3428,762,52
3429,757,52
3430,758,52
3431,750,50
3432,753,52
3433,762,42
3434,739,24
3435,751,16
3436,619,32
3437,619,28
3438,619,30
3439,766,48
3440,456,8
3441,762,14
3442,782,50
3443,456,6
3444,782,5
3445,770,5
3446,798,5
3447,799,5
3448,782,6
3449,739,48
3450,773,50
3451,211,52
3452,773,52
3453,741,48
3454,719,48
3455,800,48
3456,760,50
3457,767,50
3458,756,52
3459,766,52
3460,755,52
3461,763,50
3462,744,50
3463,626,50
3464,762,12
3465,760,10
3466,762,10
3467,454,12
3468,739,10
3469,752,10
3470,743,48
3471,743,50
3472,404,50
3473,802,5
3474,803,5
3475,804,5
3476,535,8
3477,536,8
3478,805,5
3479,806,2
3480,807,1
3481,808,1
3482,809,1
3483,810,1
3484,811,1
3485,812,1
3486,813,1
3487,814,1
3488,815,1
3489,816,1
3490,748,48
3491,405,22
3492,406,22
3493,405,24
3494,406,24
3495,789,24
3496,791,24
3497,817,24
3498,749,52
3499,619,8
3500,818,8
3501,819,8
3502,770,16
3503,799,16
3504,820,22
3505,821,22
3506,741,50
3507,751,10
3508,822,8
3509,211,24
3510,823,2
3511,747,50
3512,748,50
3513,824,2
3514,825,1
3515,756,6
3516,405,2
3517,406,2
3518,798,8
3519,762,8
3520,800,50
3521,770,10
3522,798,10
3523,797,10
3524,719,50
3525,535,5
3526,826,5
3527,746,50
3528,739,50
3529,739,52
3530,761,50
3531,828,3
3532,829,3
3533,830,3
3534,831,3
3535,782,3
3536,770,3
3537,832,3
3538,833,3
3539,834,3
3540,835,3
3541,836,3
3542,837,3
3543,840,3
3544,841,3
3545,842,2
3546,789,10
3547,791,10
3548,619,22
3549,843,1
3550,751,50
3551,749,50
3552,720,14
3553,745,52
3554,748,52
3555,767,52
3556,844,3
3557,619,36
3558,743,52
3559,405,26
3560,406,26
3561,619,46
3562,619,48
3563,619,50
3564,404,52
3565,782,52
3566,782,58
3567,782,61
3568,800,61
3569,838,8
3570,845,8
3571,768,50
3572,846,48
3573,741,52
3574,719,52
3575,770,12
3576,847,12
3577,848,8
3578,849,8
3579,850,10
3580,851,10
3581,405,16
3582,406,16
3583,774,52
3584,797,16
3585,759,50
3586,800,52
3587,747,52
3588,747,55
3589,771,16
3590,850,16
3591,753,55
3592,752,55
3593,753,58
3594,770,6
3595,771,6
3596,851,6
3597,764,52
3598,211,55
3599,771,10
3600,847,10
3601,838,5
3602,852,5
3603,853,5
3604,798,6
3605,838,6
3606,852,6
3607,853,6
3608,856,5
3609,720,22
3610,766,55
3611,789,16
3612,857,16
3613,211,8
3614,751,52
3615,851,16
3616,858,10
3617,846,50
3618,859,52
3619,860,3
3620,861,3
3621,405,3
3622,406,3
3623,862,3
3624,863,3
3625,852,3
3626,853,3
3627,864,3
3628,619,40
3629,865,3
3630,619,26
3631,746,52
3632,866,46
3633,866,48
3634,866,50
3635,866,52
3636,867,46
3637,867,48
3638,867,50
3639,867,52
3640,867,55
3641,868,38
3642,869,32
3643,869,38
3644,869,30
3645,869,42
3646,869,46
3647,869,34
3648,869,52
3649,868,36
3650,868,40
3651,868,46
3652,869,44
3653,869,36
3654,869,40
3655,866,55
3656,869,48
3657,869,50
3658,868,44
3659,868,42
3660,868,48
3661,868,50
3662,868,52
3663,868,34
3664,869,55
3665,868,32
3666,868,30
3667,868,55
3668,869,58
3669,789,12
3670,870,12
3671,619,42
3672,619,44
3673,619,34
3674,619,38
3675,789,22
3676,817,22
3677,411,21
3678,331,23
3679,331,25
3680,619,5
3681,857,6
3682,789,14
3683,791,14
3684,619,52
3685,619,55
3686,871,22
3687,872,2
3688,873,2
3689,405,28
3690,406,28
3691,405,30
3692,406,30
3693,857,12
3694,789,26
3695,817,26
3696,857,24
3697,871,24
3698,790,24
3699,817,12
3700,790,12
3701,874,8
3702,875,8
3703,871,16
3704,629,22
3705,876,6
3706,877,6
3707,619,3
3708,817,16
3709,41,48
3710,878,28
3711,878,30
3712,879,28
3713,878,34
3714,880,28
3715,880,30
3716,881,32
3717,882,30
3718,882,32
3719,880,44
3720,883,44
3721,485,34
3722,881,46
3723,881,48
3724,878,42
3725,485,44
3726,485,46
3727,485,40
3728,386,48
3729,485,38
3730,878,38
3731,878,40
3732,880,46
3733,884,38
3734,883,42
3735,882,10
3736,881,22
3737,885,22
3738,880,22
3739,885,24
3740,885,28
3741,485,22
3742,882,22
3743,882,24
3744,880,12
3745,881,14
3746,879,32
3747,881,10
3748,881,12
3749,879,24
3750,885,26
3751,885,30
3752,879,26
3753,881,24
3754,485,12
3755,882,46
3756,882,48
3757,882,50
3758,886,46
3759,886,48
3760,886,50
3761,884,46
3762,879,46
3763,879,48
3764,880,42
3765,883,46
3766,879,50
3767,879,44
3768,882,42
3769,880,24
3770,880,26
3771,881,26
3772,881,28
3773,881,44
3774,887,48
3775,888,50
3776,878,22
3777,485,26
3778,879,34
3779,886,36
3780,879,38
3781,886,42
3782,879,30
3783,881,42
3784,881,30
3785,889,42
3786,878,26
3787,881,36
3788,882,38
3789,882,40
3790,886,44
3791,886,40
3792,485,30
3793,883,38
3794,889,46
3795,485,28
3796,885,34
3797,881,40
3798,882,26
3799,885,32
3800,880,38
3801,880,40
3802,885,36
3803,885,10
3804,880,10
3805,880,16
3806,882,12
3807,882,16
3808,881,16
3809,879,36
3810,880,14
3811,884,40
3812,884,42
3813,880,36
3814,880,34
3815,885,12
3816,881,34
3817,878,32
3818,878,36
3819,882,34
3820,485,16
3821,885,16
3822,879,40
3823,878,46
3824,485,50
3825,889,38
3826,882,28
3827,485,24
3828,485,8
3829,881,8
3830,886,34
3831,880,8
3832,882,8
3833,879,42
3834,884,44
3835,880,32
3836,882,36
3837,882,44
3838,889,44
3839,878,48
3840,485,32
3841,881,38
3842,485,48
3843,880,50
3844,485,36
3845,485,42
3846,889,34
3847,878,24
3848,883,40
3849,878,44
3850,880,48
3851,889,40
3852,881,50
3853,885,50
3854,878,50
3855,889,36
3856,886,38
3857,885,8
3858,882,14
3859,885,14
3860,890,8
3861,891,8
3862,485,14
3863,885,48
3864,892,1
3865,362,2
3866,363,2
3867,893,22
3868,894,22
3869,886,52
3870,885,52
3871,879,52
3872,895,48
3873,895,50
3874,895,52
3875,896,6
3876,155,53
3877,885,55
3878,878,52
3879,897,26
3880,898,26
3881,899,3
3882,900,3
3883,901,30
3884,901,32
3885,896,34
3886,902,38
3887,903,30
3888,904,34
3889,904,38
3890,584,32
3891,901,42
3892,894,32
3893,905,32
3894,905,34
3895,903,32
3896,901,34
3897,894,30
3898,510,34
3899,584,28
3900,893,28
3901,903,38
3902,510,38
3903,901,28
3904,904,28
3905,904,30
3906,894,28
3907,905,38
3908,905,28
3909,906,34
3910,904,42
3911,906,30
3912,902,42
3913,896,38
3914,896,30
3915,584,30
3916,584,34
3917,894,42
3918,893,38
3919,903,34
3920,907,28
3921,893,42
3922,584,38
3923,510,30
3924,907,46
3925,894,38
3926,510,44
3927,583,44
3928,583,46
3929,904,46
3930,510,12
3931,908,34
3932,894,24
3933,896,22
3934,903,24
3935,908,22
3936,906,12
3937,909,36
3938,910,36
3939,911,12
3940,906,26
3941,903,26
3942,510,36
3943,894,36
3944,906,22
3945,905,24
3946,510,40
3947,894,40
3948,583,34
3949,912,28
3950,908,30
3951,908,32
3952,894,46
3953,908,42
3954,905,42
3955,583,22
3956,584,24
3957,901,24
3958,896,40
3959,901,40
3960,510,42
3961,911,22
3962,908,44
3963,912,22
3964,911,24
3965,907,24
3966,896,12
3967,510,26
3968,894,26
3969,583,28
3970,510,22
3971,913,22
3972,583,30
3973,510,32
3974,912,32
3975,893,32
3976,911,36
3977,907,36
3978,908,12
3979,908,46
3980,908,48
3981,912,50
3982,584,48
3983,905,50
3984,912,46
3985,906,46
3986,896,46
3987,510,48
3988,583,50
3989,510,46
3990,902,46
3991,913,46
3992,896,48
3993,510,50
3994,510,52
3995,893,46
3996,907,42
3997,584,36
3998,901,10
3999,907,22
4000,905,22
4001,905,12
4002,894,44
4003,905,46
4004,896,28
4005,893,24
4006,893,26
4007,905,26
4008,901,26
4009,904,26
4010,903,12
4011,894,16
4012,584,22
4013,584,26
4014,913,26
4015,904,22
4016,908,28
4017,896,26
4018,901,44
4019,894,48
4020,903,28
4021,904,32
4022,907,26
4023,912,26
4024,583,26
4025,903,46
4026,901,48
4027,583,32
4028,584,16
4029,584,46
4030,905,48
4031,908,26
4032,910,46
4033,893,14
4034,893,16
4035,903,36
4036,510,28
4037,911,48
4038,893,30
4039,911,26
4040,901,46
4041,583,24
4042,903,42
4043,914,6
4044,510,10
4045,913,24
4046,906,28
4047,896,24
4048,906,16
4049,905,40
4050,896,16
4051,510,6
4052,908,10
4053,912,16
4054,510,16
4055,583,16
4056,913,28
4057,906,10
4058,911,14
4059,907,14
4060,583,36
4061,915,6
4062,893,40
4063,908,40
4064,912,40
4065,912,44
4066,896,10
4067,911,10
4068,909,42
4069,906,38
4070,908,36
4071,912,38
4072,911,40
4073,912,42
4074,908,16
4075,912,10
4076,911,16
4077,912,30
4078,903,48
4079,901,50
4080,584,44
4081,893,48
4082,893,50
4083,907,48
4084,916,46
4085,912,12
4086,896,8
4087,901,12
4088,907,12
4089,907,16
4090,510,24
4091,908,8
4092,908,24
4093,905,8
4094,903,10
4095,912,5
4096,896,32
4097,911,6
4098,893,10
4099,510,8
4100,584,10
4101,903,16
4102,913,36
4103,904,36
4104,904,24
4105,913,30
4106,905,10
4107,362,8
4108,901,22
4109,901,16
4110,893,8
4111,584,12
4112,894,12
4113,912,8
4114,906,32
4115,894,8
4116,903,22
4117,893,12
4118,911,8
4119,894,10
4120,905,16
4121,583,38
4122,583,48
4123,911,46
4124,911,50
4125,896,42
4126,910,48
4127,903,44
4128,912,48
4129,908,5
4130,905,44
4131,911,42
4132,905,36
4133,916,34
4134,916,36
4135,910,42
4136,902,44
4137,893,44
4138,906,42
4139,910,44
4140,584,50
4141,584,52
4142,916,38
4143,906,44
4144,904,44
4145,907,30
4146,901,38
4147,907,32
4148,910,34
4149,913,42
4150,905,30
4151,909,44
4152,896,44
4153,894,34
4154,911,34
4155,901,36
4156,911,28
4157,911,30
4158,913,32
4159,913,34
4160,911,44
4161,363,30
4162,896,36
4163,893,36
4164,907,44
4165,913,38
4166,902,36
4167,902,34
4168,912,34
4169,912,36
4170,908,38
4171,916,44
4172,893,34
4173,911,32
4174,911,38
4175,584,42
4176,906,36
4177,907,38
4178,907,34
4179,909,34
4180,909,38
4181,916,42
4182,913,44
4183,583,42
4184,907,40
4185,903,5
4186,903,40
4187,909,46
4188,584,14
4189,910,40
4190,901,14
4191,894,50
4192,905,14
4193,904,40
4194,894,14
4195,903,14
4196,902,40
4197,913,40
4198,916,40
4199,908,50
4200,910,38
4201,909,48
4202,906,48
4203,896,50
4204,911,52
4205,906,24
4206,583,14
4207,911,5
4208,510,14
4209,896,14
4210,906,40
4211,909,40
4212,909,50
4213,912,24
4214,906,14
4215,908,14
4216,907,8
4217,901,8
4218,907,10
4219,912,14
4220,901,5
4221,905,5
4222,894,5
4223,907,5
4224,907,50
4225,910,50
4226,925,1
4227,926,5
4228,927,5
4229,928,5
4230,926,6
4231,927,6
4232,905,52
4233,155,23
4234,912,52
4235,912,55
4236,583,52
4237,901,3
4238,904,3
4239,584,3
4240,929,3
4241,930,3
4242,903,3
4243,902,3
4244,907,3
4245,931,3
4246,932,3
4247,894,3
4248,933,3
4249,441,46
4250,934,42
4251,934,46
4252,935,44
4253,935,46
4254,935,48
4255,936,46
4256,936,48
4257,936,50
4258,937,44
4259,934,44
4260,936,44
4261,934,48
4262,934,50
4263,935,50
4264,120,16
4265,938,50
4266,938,52
4267,937,42
4268,939,36
4269,934,52
4270,937,40
4271,939,40
4272,441,24
4273,935,52
4274,940,24
4275,153,10
4276,635,28
4277,941,5
4278,935,55
4279,935,58
4280,934,61
4281,635,44
4282,489,24
4283,941,8
4284,942,36
4285,942,38
4286,942,40
4287,441,48
4288,441,42
4289,153,46
4290,943,44
4291,942,42
4292,942,44
4293,441,40
4294,441,44
4295,441,32
4296,942,32
4297,940,30
4298,120,10
4299,153,48
4300,944,50
4301,153,52
4302,945,55
4303,944,44
4304,944,46
4305,944,48
4306,940,28
4307,940,32
4308,942,30
4309,489,14
4310,153,32
4311,946,42
4312,943,40
4313,441,36
4314,947,2
4315,948,2
4316,635,32
4317,635,34
4318,153,24
4319,153,26
4320,153,28
4321,940,26
4322,942,34
4323,949,6
4324,943,46
4325,489,12
4326,635,22
4327,441,34
4328,949,8
4329,950,8
4330,153,22
4331,942,28
4332,951,46
4333,489,10
4334,153,12
4335,153,14
4336,441,28
4337,441,22
4338,441,38
4339,441,26
4340,153,16
4341,120,5
4342,952,8
4343,489,5
4344,153,40
4345,949,5
4346,635,14
4347,153,42
4348,635,24
4349,153,34
4350,951,44
4351,635,42
4352,153,38
4353,937,46
4354,937,48
4355,635,26
4356,943,48
4357,937,50
4358,153,30
4359,953,2
4360,954,22
4361,635,16
4362,635,40
4363,635,46
4364,635,48
4365,955,50
4366,951,42
4367,635,30
4368,952,6
4369,635,38
4370,939,38
4371,956,8
4372,153,50
4373,951,48
4374,951,50
4375,957,8
4376,937,36
4377,120,14
4378,958,2
4379,937,38
4380,942,26
4381,959,2
4382,937,52
4383,960,48
4384,955,55
4385,961,2
4386,962,2
4387,963,8
4388,120,8
4389,40,6
4390,452,6
4391,41,6
4392,964,2
4393,965,40
4394,966,61
4395,943,50
4396,943,52
4397,943,55
4398,943,58
4399,960,50
4400,944,52
4401,945,58
4402,951,52
4403,955,52
4404,966,58
4405,960,52
4406,944,58
4407,944,61
4408,42,28
4409,92,28
4410,386,28
4411,40,46
4412,40,16
4413,46,16
4414,387,16
4415,388,16
4416,362,16
4417,40,28
4418,41,28
4419,967,28
4420,43,28
4421,384,28
4422,93,46
4423,452,28
4424,46,28
4425,968,40
4426,46,46
4427,41,36
4428,40,36
4429,43,44
4430,40,40
4431,452,40
4432,969,46
4433,970,48
4434,970,50
4435,150,46
4436,969,42
4437,970,42
4438,970,44
4439,970,46
4440,971,46
4441,971,48
4442,971,50
4443,972,44
4444,42,42
4445,42,44
4446,42,38
4447,92,38
4448,92,40
4449,42,34
4450,92,34
4451,973,38
4452,974,44
4453,974,46
4454,44,38
4455,42,40
4456,43,40
4457,974,48
4458,975,42
4459,974,40
4460,973,42
4461,973,44
4462,974,38
4463,975,40
4464,976,40
4465,977,38
4466,42,46
4467,42,48
4468,461,48
4469,41,50
4470,46,42
4471,47,42
4472,47,44
4473,93,42
4474,46,44
4475,92,46
4476,92,42
4477,93,38
4478,92,44
4479,92,48
4480,44,44
4481,974,34
4482,973,34
4483,93,44
4484,40,42
4485,452,42
4486,43,42
4487,381,40
4488,381,42
4489,978,44
4490,93,48
4491,93,50
4492,93,52
4493,93,55
4494,979,42
4495,968,42
4496,968,46
4497,328,46
4498,259,44
4499,41,44
4500,40,38
4501,40,44
4502,452,44
4503,452,38
4504,41,38
4505,969,40
4506,970,40
4507,329,40
4508,979,40
4509,328,44
4510,328,40
4511,888,46
4512,329,46
4513,979,44
4514,968,44
4515,979,46
4516,979,48
4517,968,48
4518,979,50
4519,328,42
4520,979,52
4521,461,46
4522,452,48
4523,386,40
4524,461,40
4525,46,40
4526,41,40
4527,41,42
4528,386,42
4529,461,42
4530,386,36
4531,46,36
4532,452,36
4533,461,36
4534,43,36
4535,967,36
4536,47,36
4537,967,42
4538,978,40
4539,980,26
4540,887,46
4541,979,24
4542,968,24
4543,888,24
4544,887,24
4545,981,40
4546,888,30
4547,887,30
4548,979,34
4549,979,30
4550,982,44
4551,983,46
4552,983,48
4553,979,32
4554,968,32
4555,887,32
4556,980,46
4557,984,22
4558,980,22
4559,971,22
4560,984,24
4561,980,24
4562,968,30
4563,979,22
4564,985,22
4565,978,22
4566,887,22
4567,40,24
4568,386,24
4569,93,40
4570,40,12
4571,452,12
4572,386,12
4573,967,22
4574,461,22
4575,973,32
4576,93,34
4577,42,22
4578,45,32
4579,44,34
4580,452,24
4581,40,14
4582,46,14
4583,363,14
4584,154,14
4585,452,16
4586,386,16
4587,452,14
4588,452,22
4589,386,22
4590,974,22
4591,977,22
4592,42,10
4593,40,22
4594,93,22
4595,977,24
4596,93,24
4597,973,40
4598,40,32
4599,452,32
4600,40,34
4601,452,34
4602,977,14
4603,93,14
4604,381,44
4605,381,46
4606,42,14
4607,92,14
4608,42,12
4609,92,12
4610,41,30
4611,43,30
4612,967,30
4613,41,32
4614,967,32
4615,362,14
4616,40,10
4617,41,22
4618,381,22
4619,452,46
4620,93,28
4621,977,40
4622,384,22
4623,384,24
4624,362,22
4625,46,22
4626,154,22
4627,381,12
4628,381,14
4629,43,24
4630,363,26
4631,43,16
4632,967,16
4633,363,22
4634,43,10
4635,154,10
4636,974,14
4637,973,14
4638,974,16
4639,977,16
4640,93,16
4641,92,22
4642,44,42
4643,363,46
4644,363,48
4645,363,50
4646,974,12
4647,977,12
4648,976,34
4649,977,44
4650,154,36
4651,93,30
4652,967,10
4653,43,22
4654,362,36
4655,43,12
4656,44,12
4657,381,34
4658,976,24
4659,976,28
4660,47,46
4661,47,48
4662,47,50
4663,983,42
4664,983,44
4665,984,46
4666,986,48
4667,986,50
4668,362,46
4669,328,30
4670,329,34
4671,969,36
4672,970,36
4673,329,36
4674,987,46
4675,987,48
4676,329,44
4677,969,48
4678,328,32
4679,888,32
4680,978,26
4681,988,44
4682,887,42
4683,887,44
4684,887,26
4685,968,34
4686,888,34
4687,979,36
4688,968,36
4689,888,36
4690,984,26
4691,978,42
4692,328,36
4693,985,32
4694,981,34
4695,888,22
4696,978,16
4697,985,26
4698,888,26
4699,985,28
4700,888,28
4701,980,44
4702,980,48
4703,888,48
4704,968,26
4705,968,28
4706,887,28
4707,979,26
4708,979,28
4709,981,36
4710,981,42
4711,972,42
4712,989,40
4713,989,42
4714,329,42
4715,978,28
4716,990,30
4717,888,44
4718,887,40
4719,981,38
4720,982,48
4721,971,26
4722,968,50
4723,982,46
4724,971,36
4725,978,46
4726,978,48
4727,972,46
4728,972,48
4729,969,28
4730,988,46
4731,985,30
4732,968,22
4733,989,44
4734,983,40
4735,978,30
4736,971,38
4737,983,50
4738,971,44
4739,984,38
4740,980,38
4741,984,40
4742,980,40
4743,887,34
4744,972,40
4745,969,34
4746,970,34
4747,259,42
4748,982,42
4749,328,34
4750,971,40
4751,980,32
4752,979,38
4753,968,38
4754,979,12
4755,969,12
4756,978,38
4757,985,24
4758,990,34
4759,979,14
4760,969,30
4761,971,28
4762,971,30
4763,384,26
4764,975,44
4765,975,46
4766,975,48
4767,991,5
4768,93,5
4769,992,5
4770,975,26
4771,976,26
4772,976,30
4773,44,46
4774,45,44
4775,45,46
4776,44,40
4777,993,10
4778,47,22
4779,92,16
4780,47,28
4781,42,26
4782,92,26
4783,45,36
4784,43,34
4785,976,42
4786,976,44
4787,976,46
4788,452,30
4789,386,30
4790,973,26
4791,92,5
4792,994,5
4793,995,5
4794,42,30
4795,461,30
4796,47,30
4797,44,32
4798,92,10
4799,974,10
4800,977,10
4801,45,34
4802,386,46
4803,46,26
4804,154,26
4805,44,22
4806,47,38
4807,41,24
4808,461,24
4809,40,26
4810,386,26
4811,93,36
4812,43,26
4813,975,32
4814,976,32
4815,974,30
4816,977,30
4817,974,32
4818,977,32
4819,93,32
4820,976,48
4821,975,28
4822,975,30
4823,46,32
4824,977,46
4825,977,48
4826,92,36
4827,381,26
4828,384,46
4829,384,48
4830,45,26
4831,47,16
4832,362,26
4833,42,32
4834,967,24
4835,996,10
4836,40,30
4837,381,36
4838,381,38
4839,154,46
4840,154,48
4841,967,34
4842,46,34
4843,974,36
4844,977,36
4845,44,48
4846,46,3
4847,997,3
4848,998,3
4849,452,26
4850,41,26
4851,461,26
4852,41,14
4853,43,14
4854,967,14
4855,967,26
4856,47,26
4857,41,46
4858,154,38
4859,154,40
4860,975,36
4861,977,8
4862,93,8
4863,973,8
4864,92,6
4865,974,6
4866,977,6
4867,967,44
4868,967,46
4869,46,38
4870,40,8
4871,452,8
4872,41,8
4873,40,5
4874,539,5
4875,522,5
4876,973,12
4877,993,24
4878,43,8
4879,967,8
4880,999,5
4881,43,32
4882,993,22
4883,42,24
4884,92,24
4885,974,24
4886,974,26
4887,973,36
4888,977,26
4889,974,28
4890,977,28
4891,44,24
4892,46,24
4893,154,24
4894,974,42
4895,977,42
4896,47,40
4897,42,5
4898,47,32
4899,47,34
4900,44,16
4901,993,6
4902,1000,6
4903,41,5
4904,43,5
4905,967,5
4906,93,26
4907,1001,8
4908,993,8
4909,44,30
4910,44,26
4911,44,28
4912,93,6
4913,363,24
4914,363,42
4915,363,44
4916,967,48
4917,1002,2
4918,40,2
4919,452,2
4920,41,2
4921,1003,2
4922,1004,2
4923,1005,2
4924,976,38
4925,362,28
4926,363,28
4927,154,42
4928,154,44
4929,975,38
4930,41,12
4931,92,30
4932,46,30
4933,973,46
4934,973,48
4935,43,46
4936,43,48
4937,973,30
4938,967,12
4939,92,32
4940,46,12
4941,47,12
4942,888,16
4943,971,16
4944,971,24
4945,978,32
4946,978,34
4947,980,16
4948,980,28
4949,971,32
4950,971,34
4951,985,16
4952,328,38
4953,979,16
4954,980,12
4955,990,32
4956,978,24
4957,386,44
4958,362,42
4959,362,44
4960,154,32
4961,46,6
4962,461,16
4963,45,42
4964,386,6
4965,47,6
4966,973,16
4967,967,40
4968,45,16
4969,362,10
4970,363,16
4971,381,16
4972,996,6
4973,93,10
4974,40,48
4975,386,34
4976,384,32
4977,363,32
4978,363,34
4979,362,24
4980,362,6
4981,363,6
4982,1006,6
4983,154,6
4984,154,16
4985,381,28
4986,381,30
4987,362,5
4988,363,5
4989,364,5
4990,381,6
4991,44,6
4992,362,40
4993,154,12
4994,92,2
4995,1007,2
4996,1008,2
4997,1009,5
4998,47,24
4999,154,34
5000,888,40
5001,887,50
5002,887,52
5003,971,42
5004,971,52
5005,968,52
5006,979,55
5007,968,55
5008,887,36
5009,888,55
5010,363,40
5011,461,50
5012,386,32
5013,41,34
5014,461,44
5015,42,36
5016,40,50
5017,461,28
5018,42,50
5019,329,38
5020,981,44
5021,989,46
5022,888,12
5023,978,36
5024,978,12
5025,969,38
5026,980,34
5027,92,8
5028,1010,8
5029,461,12
5030,461,38
5031,386,8
5032,93,12
5033,45,30
5034,461,8
5035,384,8
5036,42,8
5037,45,38
5038,973,22
5039,384,12
5040,381,24
5041,44,8
5042,44,10
5043,45,10
5044,45,12
5045,331,21
5046,155,21
5047,45,8
5048,154,8
5049,977,34
5050,44,36
5051,46,48
5052,1000,8
5053,1011,8
5054,973,28
5055,973,24
5056,363,36
5057,974,8
5058,1000,10
5059,1011,10
5060,45,28
5061,387,12
5062,388,12
5063,362,12
5064,363,12
5065,384,38
5066,386,50
5067,972,50
5068,980,50
5069,980,52
5070,981,46
5071,329,50
5072,329,52
5073,980,42
5074,381,48
5075,381,50
5076,45,48
5077,45,50
5078,975,50
5079,539,6
5080,461,6
5081,42,6
5082,43,2
5083,967,2
5084,1012,2
5085,42,2
5086,1013,5
5087,1014,5
5088,1015,5
5089,967,38
5090,984,50
5091,969,50
5092,990,38
5093,386,38
5094,45,24
5095,155,51
5096,461,14
5097,44,14
5098,45,14
5099,976,50
5100,381,10
5101,973,10
5102,45,40
5103,384,14
5104,384,10
5105,384,44
5106,984,30
5107,984,32
5108,984,34
5109,984,36
5110,888,42
5111,981,48
5112,981,50
5113,887,38
5114,970,38
5115,888,38
5116,984,28
5117,980,30
5118,984,42
5119,984,44
5120,990,36
5121,978,50
5122,978,55
5123,980,36
5124,362,38
5125,384,36
5126,43,38
5127,363,38
5128,969,44
5129,982,50
5130,978,14
5131,888,14
5132,969,32
5133,985,14
5134,381,5
5135,384,40
5136,976,52
5137,461,34
5138,461,32
5139,1016,5
5140,381,8
5141,976,14
5142,384,34
5143,384,16
5144,42,3
5145,92,3
5146,1017,3
5147,1018,3
5148,384,42
5149,154,30
5150,331,41
5151,155,41
5152,45,3
5153,1019,3
5154,1002,3
5155,40,3
5156,452,3
5157,41,3
5158,43,6
5159,93,2
5160,378,8
5161,994,8
5162,1020,8
5163,1021,2
5164,1022,2
5165,1023,2
5166,1024,3
5167,1025,3
5168,362,34
5169,47,14
5170,362,32
5171,362,48
5172,362,50
5173,46,50
5174,328,50
5175,983,55
5176,983,58
5177,384,30
5178,976,16
5179,362,30
5180,386,52
5181,1026,48
5182,92,50
5183,984,48
5184,984,52
5185,93,3
5186,43,50
5187,384,50
5188,452,50
5189,154,50
5190,44,50
5191,44,52
5192,1011,6
5193,1027,2
5194,1028,1
5195,1029,1
5196,1030,1
5197,372,2
5198,373,2
5199,975,52
5200,381,32
5201,1031,52
5202,1031,55
5203,895,55
5204,1010,10
5205,92,52
5206,976,55
5207,976,58
5208,976,61
5209,362,52
5210,976,22
5211,996,8
5212,366,10
5213,1020,10
5214,363,52
5215,363,55
5216,983,52
5217,977,50
5218,977,52
5219,975,34
5220,1032,6
5221,384,5
5222,1010,6
5223,45,22
5224,520,5
5225,525,5
5226,47,8
5227,1034,29
5228,1035,6
5229,1036,5
5230,1037,8
5231,1038,8
5232,1039,2
5233,1040,2
5234,1041,3
5235,444,12
5236,445,12
5237,46,2
5238,47,2
5239,45,2
5240,48,2
5241,1042,2
5242,44,2
5243,1014,6
5244,1043,6
5245,1044,2
5246,522,2
5247,331,49
5248,372,5
5249,373,5
5250,1043,5
5251,1045,5
5252,929,6
5253,1046,6
5254,1047,6
5255,155,35
5256,973,50
5257,1048,3
5258,1014,1
5259,1049,1
5260,155,49
5261,1050,3
5262,1051,3
5263,1052,3
5264,1053,3
5265,1054,3
5266,1055,3
5267,1056,3
5268,1057,9
5269,1058,9
5270,1059,9
5271,1060,9
5272,974,50
5273,48,5
5274,49,5
5275,50,5
5276,980,14
5277,971,14
5278,989,48
5279,523,5
5280,45,52
5281,1061,1
5282,1062,1
5283,1063,1
5284,1064,1
5285,1065,1
5286,1066,1
5287,331,35
5288,376,2
5289,1012,3
5290,40,52
5291,1067,8
5292,1068,8
5293,381,52
5294,381,55
5295,1069,24
5296,1070,24
5297,41,52
5298,1069,16
5299,1070,16
5300,813,6
5301,1072,6
5302,1073,6
5303,371,2
5304,520,6
5305,525,6
5306,539,3
5307,1019,2
5308,1074,2
5309,1075,16
5310,382,2
5311,987,50
5312,331,47
5313,1069,22
5314,1070,22
5315,1076,6
5316,1077,6
5317,989,50
5318,967,50
5319,1078,21
5320,978,52
5321,969,52
5322,46,52
5323,1079,2
5324,452,52
5325,1080,8
5326,703,11
5327,318,23
5328,1078,23
5329,1081,25
5330,1082,25
5331,319,25
5332,1078,25
5333,980,55
5334,1083,3
5335,384,52
5336,40,55
5337,40,58
5338,386,58
5339,331,33
5340,155,33
5341,1084,16
5342,1085,16
5343,155,39
5344,155,37
5345,381,2
5346,402,10
5347,1086,6
5348,433,14
5349,155,43
5350,1089,6
5351,1090,6
5352,1091,3
5353,1092,3
5354,967,3
5355,1074,3
5356,539,2
5357,522,3
5358,1093,3
5359,1094,3
5360,416,14
5361,1095,3
5362,1096,3
5363,1097,3
5364,1021,3
5365,1098,3
5366,1099,3
5367,1100,2
5368,520,3
5369,523,3
5370,1101,3
5371,1102,3
5372,1103,3
5373,1104,3
5374,1105,3
5375,1106,3
5376,525,3
5377,1107,3
5378,1108,3
5379,1109,3
5380,1110,3
5381,1111,3
5382,1112,3
5383,44,55
5384,1114,10
5385,1126,2
5386,1147,2
5387,1148,2
5388,68,61
5389,69,61
5390,68,58
5391,69,58
5392,1152,41
5393,1152,43
5394,1152,45
5395,1152,47
5396,1152,49
5397,1152,51
5398,1153,23
5399,1154,41
5400,1155,41
5401,1156,41
5402,1157,45
5403,1153,45
5404,1153,47
5405,1154,29
5406,1154,31
5407,1158,31
5408,1159,43
5409,1160,43
5410,1161,43
5411,1159,45
5412,1160,45
5413,1162,45
5414,1159,47
5415,1160,47
5416,1162,47
5417,1157,21
5418,1163,45
5419,1164,29
5420,1165,29
5421,1164,23
5422,1165,23
5423,1164,25
5424,1165,25
5425,1153,25
5426,1154,33
5427,1154,43
5428,1166,43
5429,1167,43
5430,1168,43
5431,1169,45
5432,1166,45
5433,1168,45
5434,1154,47
5435,1166,47
5436,1167,47
5437,1168,47
5438,1169,49
5439,1170,49
5440,1168,49
5441,1171,37
5442,1163,37
5443,260,37
5444,1155,23
5445,1157,23
5446,1157,25
5447,1169,43
5448,1172,43
5449,1157,37
5450,1158,33
5451,1165,31
5452,1153,31
5453,1157,35
5454,1165,43
5455,1153,43
5456,1152,29
5457,1163,29
5458,1157,15
5459,1165,27
5460,1153,27
5461,1165,41
5462,1153,41
5463,1165,45
5464,1155,37
5465,1168,37
5466,1154,39
5467,1155,39
5468,1156,39
5469,1168,39
5470,1157,47
5471,1159,49
5472,1173,49
5473,1160,49
5474,1162,49
5475,1160,51
5476,1174,51
5477,1165,39
5478,1153,39
5479,1168,41
5480,1153,29
5481,1164,31
5482,1175,41
5483,1176,45
5484,1171,45
5485,260,45
5486,261,45
5487,1163,47
5488,260,47
5489,1154,45
5490,1167,45
5491,1169,47
5492,1171,35
5493,1163,35
5494,260,35
5495,1164,37
5496,1165,37
5497,260,33
5498,1153,37
5499,1164,39
5500,1177,41
5501,1155,25
5502,1080,25
5503,1176,27
5504,1171,27
5505,1163,27
5506,260,27
5507,1176,29
5508,1171,29
5509,260,29
5510,1171,31
5511,1163,31
5512,260,31
5513,1164,35
5514,1165,35
5515,1153,35
5516,1176,43
5517,1171,43
5518,1176,47
5519,1171,47
5520,1176,49
5521,1171,49
5522,1152,37
5523,1152,39
5524,1155,31
5525,1155,33
5526,1164,21
5527,1153,21
5528,1178,21
5529,1152,31
5530,1152,33
5531,1176,35
5532,1080,39
5533,1080,35
5534,1080,37
5535,1176,41
5536,1171,41
5537,1163,41
5538,260,41
5539,1157,39
5540,1163,49
5541,1179,29
5542,1153,49
5543,1080,15
5544,1155,29
5545,1158,29
5546,1180,45
5547,1172,45
5548,1180,47
5549,1080,43
5550,1157,33
5551,1154,37
5552,1158,25
5553,1155,27
5554,1158,27
5555,1175,37
5556,1175,39
5557,1157,11
5558,1080,11
5559,1080,21
5560,1181,41
5561,1182,41
5562,1183,41
5563,1184,41
5564,1185,45
5565,1157,27
5566,1175,35
5567,1186,43
5568,1186,45
5569,1186,47
5570,1186,49
5571,1155,35
5572,1168,35
5573,1163,43
5574,260,43
5575,261,43
5576,1164,33
5577,1165,33
5578,1153,33
5579,1178,15
5580,261,41
5581,261,47
5582,1152,35
5583,1155,49
5584,1166,49
5585,1080,27
5586,1080,29
5587,1080,31
5588,1080,45
5589,1157,13
5590,1080,41
5591,1080,47
5592,1080,49
5593,1176,31
5594,1176,33
5595,1171,33
5596,1163,33
5597,1177,43
5598,1178,43
5599,1175,45
5600,1164,27
5601,1080,33
5602,1178,41
5603,1176,39
5604,1157,8
5605,1157,9
5606,1080,9
5607,1165,47
5608,1157,43
5609,1171,39
5610,1164,41
5611,1177,47
5612,1176,37
5613,1172,47
5614,1175,47
5615,1175,49
5616,1164,43
5617,1177,45
5618,1164,45
5619,1176,51
5620,1171,51
5621,1187,43
5622,1188,43
5623,1189,43
5624,1190,43
5625,1191,45
5626,1191,47
5627,1157,41
5628,1175,43
5629,1157,29
5630,1163,39
5631,1178,45
5632,1164,47
5633,1178,47
5634,1180,43
5635,1185,47
5636,1172,49
5637,1192,41
5638,1157,31
5639,1154,35
5640,1180,49
5641,1080,13
5642,1191,51
5643,1191,53
5644,1193,43
5645,1080,23
5646,1159,51
5647,1173,51
5648,1194,51
5649,260,39
5650,1165,49
5651,1175,51
5652,1186,51
5653,258,51
5654,1177,49
5655,1178,49
5656,1177,51
5657,1165,51
5658,1153,51
5659,1178,51
5660,1191,49
5661,1195,43
5662,1196,49
5663,1164,49
5664,1187,51
5665,1197,51
5666,1157,5
5667,1198,53
5668,1164,51
5669,1199,43
5670,265,46
5671,1200,41
5672,1157,49
5673,1080,5
5674,1080,51
5675,1159,53
5676,1173,53
5677,1160,53
5678,1174,53
5679,1190,41
5680,1193,41
5681,1166,51
5682,1201,51
5683,1168,51
5684,1157,51
5685,1155,51
5686,1176,53
5687,1171,53
5688,1152,53
5689,1202,31
5690,1203,51
5691,1163,56
5692,260,56
5693,261,56
5694,260,59
5695,261,59
5696,1204,59
5697,262,59
5698,260,62
5699,1204,62
5700,1205,49
5701,1198,56
5702,1185,49
5703,1180,51
5704,1185,51
5705,1205,51
5706,1180,53
5707,1185,53
5708,1205,53
5709,1165,53
5710,1186,53
5711,1155,53
5712,1166,53
5713,1201,53
5714,1163,51
5715,1163,53
5716,262,53
5717,262,56
5718,984,55
5719,888,52
5720,461,52
5721,21,50
5722,21,55
5723,30,52
5724,30,55
5725,25,52
5726,31,55
5727,149,55
5728,149,58
5729,1168,53
5730,1196,53
5731,1187,47
5732,1206,47
5733,1172,51
5734,1207,29
5735,1207,31
5736,1208,41
5737,589,41
5738,589,43
5739,1208,45
5740,589,45
5741,411,23
5742,589,35
5743,589,37
5744,1209,37
5745,1034,37
5746,1210,37
5747,1211,43
5748,1212,43
5749,411,37
5750,411,39
5751,411,11
5752,411,33
5753,1212,45
5754,1212,47
5755,411,45
5756,1213,43
5757,1214,43
5758,1213,47
5759,1214,47
5760,1213,49
5761,1214,49
5762,1212,41
5763,557,41
5764,1215,43
5765,1216,43
5766,557,43
5767,1216,45
5768,1211,45
5769,557,45
5770,1216,47
5771,1211,47
5772,557,47
5773,1216,49
5774,557,49
5775,411,27
5776,1217,13
5777,1217,15
5778,411,41
5779,411,43
5780,67,58
5781,328,52
5782,974,52
5783,970,52
5784,974,55
5785,258,56
5786,329,58
5787,41,55
5788,461,55
5789,41,58
5790,461,58
5791,329,55
5792,362,55
5793,986,52
5794,381,58
5795,381,61
5796,887,55
5797,982,58
5798,978,58
5799,150,55
5800,363,58
5801,46,55
5802,986,55
5803,1213,41
5804,1214,41
5805,1218,41
5806,1218,43
5807,1213,45
5808,1214,45
5809,1218,45
5810,1218,47
5811,1211,35
5812,1212,35
5813,1211,37
5814,589,9
5815,1209,39
5816,1034,39
5817,1210,39
5818,1034,35
5819,1210,35
5820,1212,31
5821,1215,29
5822,1211,29
5823,1212,29
5824,411,25
5825,411,29
5826,318,13
5827,319,13
5828,1034,27
5829,589,39
5830,411,35
5831,1219,45
5832,1217,45
5833,1220,45
5834,1219,47
5835,1217,47
5836,1220,47
5837,1219,49
5838,1217,49
5839,1220,49
5840,1219,51
5841,1217,51
5842,1220,51
5843,1219,53
5844,1217,53
5845,1219,56
5846,1217,56
5847,1220,56
5848,1219,59
5849,1217,59
5850,1220,59
5851,1219,29
5852,1217,29
5853,1219,31
5854,1217,31
5855,1211,39
5856,1212,39
5857,1211,41
5858,1219,37
5859,1217,37
5860,1221,41
5861,1222,41
5862,1223,41
5863,1224,41
5864,1225,41
5865,1226,43
5866,1226,45
5867,1081,31
5868,1082,31
5869,319,31
5870,1078,31
5871,1081,27
5872,411,31
5873,1082,27
5874,1078,27
5875,1081,41
5876,1082,41
5877,1227,43
5878,1082,43
5879,1228,43
5880,1078,43
5881,1227,45
5882,1228,45
5883,1078,45
5884,1227,47
5885,1082,47
5886,1228,47
5887,1078,47
5888,1217,9
5889,1215,27
5890,1211,27
5891,1212,27
5892,1215,53
5893,1216,53
5894,1229,9
5895,1230,9
5896,319,43
5897,1231,43
5898,331,39
5899,1207,41
5900,1232,41
5901,1211,33
5902,1212,33
5903,1231,45
5904,1081,39
5905,1082,39
5906,319,39
5907,1219,43
5908,1217,43
5909,1220,43
5910,1081,33
5911,1078,33
5912,318,21
5913,1059,21
5914,1060,21
5915,1179,21
5916,1211,23
5917,1212,23
5918,1215,21
5919,1212,21
5920,557,21
5921,1215,23
5922,1215,25
5923,1211,25
5924,1212,25
5925,155,31
5926,1215,41
5927,1216,41
5928,1215,45
5929,1082,45
5930,319,47
5931,1082,49
5932,1233,49
5933,1078,49
5934,155,25
5935,319,41
5936,1234,29
5937,1232,29
5938,1082,37
5939,319,37
5940,1078,37
5941,1078,39
5942,1212,49
5943,1081,29
5944,1082,29
5945,1235,29
5946,1236,29
5947,1034,43
5948,1237,43
5949,1238,43
5950,1239,43
5951,1240,43
5952,1207,33
5953,1209,41
5954,1217,11
5955,1057,13
5956,1058,13
5957,1059,13
5958,1060,13
5959,589,31
5960,589,33
5961,1241,21
5962,1218,23
5963,1179,23
5964,1241,23
5965,1179,25
5966,1241,25
5967,1214,35
5968,1218,35
5969,1214,37
5970,1218,37
5971,1215,35
5972,1215,37
5973,411,13
5974,1242,9
5975,1213,11
5976,1218,11
5977,1179,11
5978,1241,11
5979,1034,41
5980,1210,41
5981,1210,43
5982,1209,45
5983,1034,45
5984,1210,45
5985,318,11
5986,319,11
5987,1034,31
5988,1210,31
5989,1212,37
5990,1213,15
5991,1218,15
5992,1179,15
5993,318,15
5994,1078,15
5995,1215,31
5996,1211,31
5997,319,27
5998,1243,49
5999,1243,51
6000,1081,51
6001,319,51
6002,1244,51
6003,1245,51
6004,1218,29
6005,1241,29
6006,1218,31
6007,1179,45
6008,1241,45
6009,1215,33
6010,1219,33
6011,1213,23
6012,1179,41
6013,1241,41
6014,1208,43
6015,1232,37
6016,1234,39
6017,1232,39
6018,1234,43
6019,1232,43
6020,1232,45
6021,1234,33
6022,1232,33
6023,1187,27
6024,1246,27
6025,1240,27
6026,1078,29
6027,1234,31
6028,1234,35
6029,1232,35
6030,1215,39
6031,1219,39
6032,1034,33
6033,1210,33
6034,411,8
6035,1213,25
6036,1218,25
6037,1232,31
6038,319,49
6039,1217,21
6040,1219,35
6041,1217,35
6042,1078,41
6043,1213,21
6044,1218,21
6045,1247,9
6046,1248,9
6047,1207,15
6048,1081,37
6049,1217,33
6050,319,33
6051,319,15
6052,1249,41
6053,1249,43
6054,1250,45
6055,319,45
6056,331,31
6057,1207,11
6058,1218,39
6059,1179,39
6060,589,13
6061,1207,13
6062,1209,43
6063,1210,47
6064,1217,39
6065,1219,41
6066,1217,41
6067,1220,41
6068,1251,15
6069,1252,15
6070,1253,13
6071,1254,15
6072,1255,15
6073,1256,15
6074,1213,13
6075,1218,13
6076,1179,13
6077,1241,13
6078,1241,15
6079,1257,9
6080,1258,9
6081,589,11
6082,1257,11
6083,1258,11
6084,1179,43
6085,1218,49
6086,319,21
6087,319,23
6088,1179,35
6089,1231,47
6090,1231,49
6091,589,25
6092,589,29
6093,411,47
6094,411,49
6095,1207,43
6096,1218,33
6097,1179,33
6098,1081,35
6099,1082,35
6100,1078,35
6101,704,21
6102,1259,45
6103,1260,45
6104,1081,49
6105,1081,53
6106,319,53
6107,1078,53
6108,1245,53
6109,1234,45
6110,1059,15
6111,1060,15
6112,319,29
6113,1179,47
6114,1241,47
6115,1213,35
6116,1207,39
6117,1207,8
6118,1215,47
6119,1211,49
6120,1234,41
6121,1218,27
6122,1179,27
6123,1232,47
6124,1260,43
6125,319,35
6126,1214,39
6127,1241,39
6128,1241,43
6129,331,37
6130,1179,37
6131,1241,37
6132,1217,27
6133,1217,23
6134,1217,25
6135,1250,47
6136,1250,49
6137,1250,51
6138,1261,41
6139,1179,9
6140,1241,9
6141,1262,21
6142,1263,21
6143,1179,49
6144,1264,9
6145,1265,9
6146,1266,9
6147,1267,9
6148,1234,47
6149,1213,33
6150,1209,47
6151,1034,47
6152,1209,49
6153,1268,49
6154,1034,49
6155,1210,49
6156,1187,49
6157,1238,49
6158,1209,51
6159,1268,51
6160,1269,51
6161,1034,51
6162,1210,51
6163,1209,53
6164,1268,53
6165,1269,53
6166,1034,53
6167,1210,53
6168,1209,56
6169,1270,56
6170,1268,56
6171,1269,56
6172,1034,56
6173,1210,56
6174,1082,33
6175,1213,31
6176,1179,31
6177,1241,33
6178,1213,9
6179,1218,9
6180,1271,13
6181,1272,13
6182,1207,37
6183,1207,27
6184,1207,35
6185,1207,45
6186,1241,31
6187,1207,25
6188,1213,37
6189,1213,39
6190,1179,51
6191,1273,51
6192,1059,29
6193,1060,29
6194,1059,31
6195,1060,31
6196,1259,47
6197,1260,47
6198,1226,47
6199,1259,49
6200,1260,49
6201,1274,49
6202,1226,49
6203,1234,37
6204,1241,27
6205,1213,27
6206,1207,5
6207,1275,5
6208,1213,29
6209,1207,9
6210,1207,21
6211,1207,23
6212,1215,49
6213,1215,51
6214,1216,51
6215,1211,51
6216,1059,23
6217,1060,23
6218,1059,11
6219,1060,11
6220,1207,47
6221,1241,35
6222,1213,51
6223,1214,51
6224,1235,41
6225,1236,41
6226,1257,45
6227,1276,45
6228,1234,49
6229,411,51
6230,1257,13
6231,1258,13
6232,1277,15
6233,1278,9
6234,1279,9
6235,1280,9
6236,1281,9
6237,1251,21
6238,1252,21
6239,1059,25
6240,1060,25
6241,589,27
6242,1208,47
6243,589,47
6244,1282,11
6245,1283,11
6246,1187,29
6247,1238,29
6248,1257,33
6249,1284,33
6250,1285,9
6251,1286,9
6252,1287,9
6253,1288,9
6254,1289,9
6255,1290,15
6256,1291,15
6257,1292,9
6258,1293,9
6259,1257,43
6260,1284,43
6261,1294,21
6262,1295,21
6263,1234,51
6264,1234,53
6265,1234,56
6266,1296,56
6267,1240,29
6268,1241,49
6269,1244,53
6270,1081,56
6271,319,56
6272,1244,56
6273,1078,56
6274,1244,59
6275,1057,23
6276,1058,23
6277,1207,49
6278,1257,27
6279,1258,27
6280,1297,15
6281,1298,15
6282,1059,27
6283,1060,27
6284,1257,31
6285,1284,31
6286,1258,31
6287,411,53
6288,1078,51
6289,1187,41
6290,1299,41
6291,1240,41
6292,1247,11
6293,1300,11
6294,1211,53
6295,1212,53
6296,1212,56
6297,1258,33
6298,558,25
6299,1301,25
6300,1257,35
6301,1284,35
6302,1258,35
6303,1187,35
6304,1246,35
6305,1302,43
6306,1208,49
6307,589,49
6308,1303,49
6309,1208,51
6310,589,51
6311,1303,51
6312,1304,53
6313,1305,53
6314,1208,53
6315,1212,51
6316,1232,49
6317,1232,51
6318,1232,53
6319,1271,9
6320,1272,9
6321,1057,21
6322,1058,21
6323,1057,11
6324,1058,11
6325,1262,11
6326,1263,11
6327,1059,33
6328,1060,33
6329,154,52
6330,154,55
6331,967,52
6332,967,55
6333,970,55
6334,973,52
6335,887,58
6336,982,55
6337,47,52
6338,45,55
6339,980,58
6340,980,61
6341,386,55
6342,989,52
6343,47,55
6344,452,55
6345,987,52
6346,982,52
6347,987,55
6348,328,55
6349,43,52
6350,981,52
6351,972,52
6352,975,55
6353,47,58
6354,968,58
6355,888,58
6356,981,55
6357,1213,53
6358,558,21
6359,1254,21
6360,1255,21
6361,1256,21
6362,1257,15
6363,1258,15
6364,1306,9
6365,1307,9
6366,1187,31
6367,1240,31
6368,1220,53
6369,558,39
6370,1301,39
6371,1308,39
6372,558,41
6373,1301,41
6374,1308,41
6375,557,51
6376,331,51
6377,987,58
6378,974,58
6379,972,55
6380,42,52
6381,362,58
6382,989,55
6383,481,55
6384,42,55
6385,703,15
6386,1309,16
6387,1231,51
6388,598,58
6389,93,61
6390,93,58
6391,26,55
6392,26,58
6393,21,58
6394,859,48
6395,859,50
6396,1214,53
6397,1213,56
6398,1214,56
6399,1247,15
6400,1300,15
6401,1259,51
6402,1260,51
6403,1274,51
6404,1226,51
6405,147,58
6406,105,50
6407,103,50
6408,107,52
6409,107,55
6410,99,52
6411,102,52
6412,109,50
6413,106,52
6414,105,52
6415,103,52
6416,98,52
6417,106,50
6418,104,50
6419,179,52
6420,179,55
6421,1310,55
6422,1310,58
6423,1310,61
6424,170,55
6425,1311,55
6426,1312,55
6427,1311,58
6428,1312,58
6429,1313,61
6430,164,55
6431,169,58
6432,167,58
6433,165,58
6434,148,58
6435,282,55
6436,250,52
6437,251,52
6438,1314,55
6439,308,48
6440,282,58
6441,293,55
6442,285,55
6443,196,58
6444,1315,52
6445,211,58
6446,773,58
6447,782,55
6448,800,55
6449,773,55
6450,456,55
6451,457,55
6452,455,61
6453,395,55
6454,394,58
6455,395,58
6456,297,52
6457,1316,48
6458,1317,48
6459,1316,50
6460,464,55
6461,465,55
6462,467,55
6463,469,58
6464,465,58
6465,472,50
6466,476,52
6467,1317,50
6468,1317,52
6469,1317,55
6470,474,55
6471,477,55
6472,478,55
6473,555,58
6474,480,55
6475,475,58
6476,476,58
6477,478,58
6478,476,61
6479,1317,58
6480,327,58
6481,579,52
6482,1304,56
6483,1305,56
6484,1208,56
6485,331,53
6486,1257,37
6487,1258,37
6488,1059,49
6489,1318,49
6490,1060,49
6491,1304,59
6492,1208,59
6493,581,55
6494,576,52
6495,580,55
6496,580,58
6497,577,52
6498,562,52
6499,575,55
6500,562,55
6501,582,55
6502,1319,52
6503,567,55
6504,576,55
6505,569,52
6506,582,58
6507,65,55
6508,859,55
6509,598,55
6510,611,55
6511,598,52
6512,600,55
6513,934,55
6514,951,55
6515,951,58
6516,1320,40
6517,944,55
6518,936,52
6519,936,55
6520,936,58
6521,936,61
6522,934,58
6523,596,61
6524,654,58
6525,648,61
6526,1321,61
6527,657,61
6528,1322,61
6529,638,55
6530,646,58
6531,765,52
6532,759,52
6533,759,55
6534,760,52
6535,761,52
6536,761,55
6537,1323,55
6538,1324,55
6539,1325,61
6540,744,52
6541,626,52
6542,750,52
6543,750,55
6544,758,55
6545,745,55
6546,767,55
6547,739,55
6548,1323,52
6549,1326,52
6550,1327,55
6551,768,52
6552,764,55
6553,758,58
6554,742,58
6555,762,55
6556,748,55
6557,768,55
6558,1327,58
6559,1325,52
6560,1325,55
6561,760,55
6562,761,58
6563,1323,58
6564,1324,58
6565,744,55
6566,626,55
6567,755,55
6568,749,58
6569,754,55
6570,765,55
6571,742,55
6572,774,55
6573,398,55
6574,756,55
6575,746,55
6576,1326,55
6577,746,58
6578,1326,58
6579,1327,61
6580,1327,52
6581,774,58
6582,745,58
6583,747,58
6584,748,58
6585,767,58
6586,755,58
6587,741,55
6588,741,58
6589,34,58
6590,34,61
6591,4,61
6592,51,61
6593,763,52
6594,763,55
6595,749,55
6596,739,58
6597,763,58
6598,1328,48
6599,1328,50
6600,1329,48
6601,1330,48
6602,1331,48
6603,1332,48
6604,1333,44
6605,1334,48
6606,1335,48
6607,1332,50
6608,1336,48
6609,1336,50
6610,1336,52
6611,1332,52
6612,1335,52
6613,1337,42
6614,1338,44
6615,1335,50
6616,1334,55
6617,1331,50
6618,1329,50
6619,1335,55
6620,1339,44
6621,1330,50
6622,1334,52
6623,1340,44
6624,1332,55
6625,1332,58
6626,1333,42
6627,1341,44
6628,24,55
6629,1,55
6630,23,55
6631,1342,48
6632,1342,50
6633,1342,52
6634,846,52
6635,846,55
6636,1342,55
6637,23,58
6638,3,58
6639,1343,48
6640,1344,48
6641,868,58
6642,867,58
6643,619,58
6644,1345,48
6645,1345,50
6646,1345,52
6647,1345,55
6648,1346,48
6649,1346,50
6650,1347,48
6651,1347,50
6652,1348,48
6653,1349,48
6654,1350,48
6655,485,52
6656,1349,50
6657,878,55
6658,1026,50
6659,1349,52
6660,1351,48
6661,485,55
6662,1350,50
6663,1350,52
6664,1347,52
6665,1350,55
6666,866,58
6667,1348,50
6668,1348,52
6669,880,52
6670,1346,52
6671,1351,50
6672,1351,61
6673,894,52
6674,907,52
6675,911,55
6676,584,55
6677,909,52
6678,909,55
6679,910,52
6680,908,52
6681,893,52
6682,910,55
6683,870,24
6684,1299,51
6685,1057,15
6686,1058,15
6687,1352,15
6688,1353,15
6689,1238,27
6690,1299,27
6691,1246,29
6692,1257,25
6693,1258,25
6694,411,56
6695,1354,9
6696,1355,9
6697,1354,13
6698,1355,13
6699,1187,33
6700,1238,33
6701,704,49
6702,1356,8
6703,1357,8
6704,1358,53
6705,1359,9
6706,1285,11
6707,1286,11
6708,1288,11
6709,1302,41
6710,1360,41
6711,1361,41
6712,1284,37
6713,1362,13
6714,1235,39
6715,1236,39
6716,331,56
6717,155,56
6718,1246,31
6719,1363,11
6720,1364,11
6721,1187,39
6722,1246,39
6723,1290,9
6724,1291,9
6725,1241,51
6726,1238,31
6727,1299,31
6728,1294,15
6729,1365,15
6730,589,23
6731,1257,29
6732,1258,29
6733,1207,51
6734,1299,43
6735,1247,21
6736,1300,21
6737,1273,53
6738,1218,51
6739,1179,53
6740,1241,53
6741,1241,56
6742,1153,53
6743,1165,56
6744,1153,56
6745,1177,59
6746,1165,59
6747,1177,62
6748,1165,62
6749,557,53
6750,1215,56
6751,1216,56
6752,1211,56
6753,557,56
6754,1194,53
6755,1159,56
6756,1173,56
6757,1194,56
6758,1160,56
6759,1159,59
6760,1160,59
6761,1366,49
6762,1367,47
6763,1368,49
6764,1369,47
6765,1370,51
6766,1368,51
6767,1368,53
6768,1368,56
6769,1371,56
6770,1368,59
6771,1372,47
6772,1372,49
6773,1372,51
6774,1373,47
6775,1373,49
6776,1373,51
6777,1374,51
6778,1374,53
6779,1374,56
6780,1375,49
6781,1375,51
6782,1375,53
6783,1231,53
6784,1250,53
6785,1250,56
6786,1191,56
6787,1191,59
6788,1186,56
6789,1219,62
6790,1217,62
6791,1220,62
6792,1257,49
6793,1258,49
6794,1155,56
6795,1166,56
6796,1201,56
6797,1168,56
6798,1196,51
6799,1203,53
6800,1245,56
6801,1243,53
6802,1157,53
6803,1080,53
6804,1172,53
6805,1376,47
6806,1377,41
6807,1377,43
6808,1376,51
6809,1376,53
6810,1376,49
6811,1376,56
6812,1378,47
6813,1378,51
6814,1378,53
6815,1379,41
6816,1379,43
6817,1378,49
6818,1380,47
6819,1380,49
6820,1380,51
6821,1380,53
6822,1380,56
6823,1380,59
6824,704,51
6825,1234,59
6826,1378,9
6827,799,6
6828,1381,8
6829,1218,53
6830,1163,59
6831,1155,59
6832,1168,59
6833,1196,56
6834,1201,59
6835,1203,59
6836,1196,62
6837,1155,62
6838,1201,62
6839,1203,56
6840,1166,59
6841,1243,56
6842,1373,53
6843,1373,56
6844,1373,59
6845,1382,56
6846,1372,53
6847,1174,56
6848,1209,59
6849,1268,59
6850,1034,59
6851,1210,59
6852,1383,49
6853,1080,56
6854,1384,56
6855,1080,59
6856,1384,59
6857,1164,53
6858,1177,53
6859,1178,53
6860,1164,56
6861,1177,56
6862,1178,56
6863,1197,49
6864,1206,49
6865,1270,59
6866,258,53
6867,1185,56
6868,1205,56
6869,1172,56
6870,1164,59
6871,1178,59
6872,1368,62
6873,1375,56
6874,1385,56
6875,1375,59
6876,1375,62
6877,1176,56
6878,1171,56
6879,1232,56
6880,1305,59
6881,1259,53
6882,1260,53
6883,1274,53
6884,1226,53
6885,1259,56
6886,1260,56
6887,1274,56
6888,1226,56
6889,1175,53
6890,1386,49
6891,1386,51
6892,1386,53
6893,704,53
6894,704,56
6895,704,59
6896,704,62
6897,1387,59
6898,1153,59
6899,1388,59
6900,331,59
6901,331,62
6902,1388,62
6903,1207,53
6904,1207,56
6905,1378,56
6906,1378,59
6907,1378,62
6908,411,59
6909,1028,3
6910,1389,3
6911,1390,3
6912,1391,3
6913,1392,3
6914,1393,3
6915,789,3
6916,1394,3
6917,1395,3
6918,1396,3
6919,1397,3
6920,1398,8
6921,297,55
6922,70,61
6923,70,58
6924,149,61
6925,767,61
6926,768,58
6927,404,55
6928,743,55
6929,398,58
6930,743,58
6931,404,58
6932,757,55
6933,760,58
6934,757,58
6935,765,58
6936,759,58
6937,757,61
6938,752,58
6939,764,58
6940,762,58
6941,752,61
6942,764,61
6943,758,61
6944,1399,61
6945,751,55
6946,750,58
6947,750,61
6948,1324,52
6949,761,61
6950,1400,61
6951,1325,58
6952,756,58
6953,742,61
6954,774,61
6955,747,61
6956,763,61
6957,765,61
6958,749,61
6959,759,61
6960,754,58
6961,1351,52
6962,1351,55
6963,1351,58
6964,1347,55
6965,1347,58
6966,1347,61
6967,485,58
6968,744,58
6969,626,58
6970,148,61
6971,276,58
6972,246,58
6973,252,58
6974,246,61
6975,242,58
6976,255,58
6977,242,52
6978,253,52
6979,766,58
6980,762,61
6981,880,55
6982,984,58
6983,984,61
6984,935,61
6985,938,55
6986,1401,58
6987,943,61
6988,1402,55
6989,1402,58
6990,600,58
6991,600,61
6992,611,58
6993,201,58
6994,604,58
6995,300,58
6996,601,58
6997,607,58
6998,602,61
6999,881,52
7000,882,52
7001,882,55
7002,1349,55
7003,1026,55
7004,1026,52
7005,1346,55
7006,1026,58
7007,1348,55
7008,886,55
7009,879,55
7010,638,61
7011,645,61
7012,691,61
7013,655,61
7014,1403,61
7015,654,61
7016,979,58
7017,968,61
7018,969,58
7019,328,61
7020,328,58
7021,481,58
7022,179,58
7023,164,58
7024,172,58
7025,165,61
7026,170,58
7027,180,55
7028,1404,55
7029,1404,58
7030,182,55
7031,329,61
7032,981,58
7033,986,58
7034,895,58
7035,452,58
7036,386,61
7037,975,58
7038,47,61
7039,92,55
7040,92,58
7041,92,61
7042,44,58
7043,967,58
7044,977,55
7045,977,58
7046,363,61
7047,973,55
7048,973,58
7049,43,55
7050,31,58
7051,25,55
7052,394,61
7053,1405,50
7054,1405,52
7055,1406,52
7056,1405,55
7057,1405,58
7058,1406,58
7059,1405,61
7060,1406,61
7061,238,58
7062,225,61
7063,347,55
7064,396,55
7065,347,58
7066,396,58
7067,347,61
7068,396,61
7069,8,61
7070,397,61
7071,846,58
7072,846,61
7073,1407,61
7074,102,55
7075,106,55
7076,100,52
7077,101,52
7078,105,55
7079,103,55
7080,101,55
7081,98,55
7082,99,58
7083,104,52
7084,104,55
7085,104,58
7086,109,58
7087,109,52
7088,109,55
7089,566,55
7090,569,55
7091,561,55
7092,561,58
7093,561,61
7094,560,55
7095,567,58
7096,564,55
7097,562,58
7098,971,55
7099,971,58
7100,971,61
7101,1342,58
7102,989,58
7103,150,58
7104,45,58
7105,577,55
7106,579,55
7107,579,58
7108,575,58
7109,866,61
7110,256,52
7111,256,58
7112,263,58
7113,264,58
7114,256,61
7115,263,61
7116,264,61
7117,254,52
7118,1408,55
7119,245,52
7120,241,58
7121,293,58
7122,285,58
7123,1409,55
7124,241,55
7125,384,55
7126,384,58
7127,150,61
7128,979,61
7129,888,61
7130,473,55
7131,475,55
7132,474,58
7133,476,55
7134,24,61
7135,23,61
7136,1,58
7137,1,61
7138,1410,61
7139,1411,50
7140,1411,52
7141,1411,55
7142,1319,50
7143,1319,55
7144,1412,58
7145,1413,50
7146,1413,52
7147,1413,55
7148,1319,58
7149,573,55
7150,573,58
7151,573,52
7152,573,61
7153,909,58
7154,909,61
7155,896,55
7156,510,55
7157,912,58
7158,908,55
7159,583,55
7160,583,58
7161,719,55
7162,719,58
7163,472,52
7164,470,55
7165,470,58
7166,472,55
7167,455,52
7168,454,55
7169,454,58
7170,455,58
7171,800,58
7172,456,58
7173,457,58
7174,249,61
7175,1187,56
7176,1197,56
7177,1203,62
7178,282,61
7179,893,55
7180,894,55
7181,584,58
7182,905,55
7183,901,52
7184,901,55
7185,1330,55
7186,1331,52
7187,1330,52
7188,1336,58
7189,1337,44
7190,1334,50
7191,1336,55
7192,1329,55
7193,1328,52
7194,1329,52
7195,1328,55
7196,147,61
7197,1316,52
7198,1316,55
7199,555,61
7200,151,61
7201,36,58
7202,36,61
7203,110,61
7204,868,61
7205,1345,58
7206,619,61
7207,983,61
7208,46,58
7209,1304,62
7210,1305,62
7211,1208,62
7212,1366,51
7213,1240,51
7214,1269,59
7215,1186,59
7216,1218,56
7217,1179,56
7218,1273,56
7219,1179,59
7220,1241,59
7221,1414,59
7222,1273,59
7223,1179,62
7224,1414,62
7225,1273,62
7226,1214,59
7227,1218,59
7228,1296,59
7229,1234,62
7230,1296,62
7231,1415,62
7232,1171,59
7233,1171,62
7234,1163,62
7235,262,62
7236,261,62
7237,1196,59
7238,1166,62
7239,1168,62
7240,1081,59
7241,1078,59
7242,1372,56
7243,1372,59
7244,1372,62
7245,1370,53
7246,1370,56
7247,1370,59
7248,1416,56
7249,1215,59
7250,1216,59
7251,557,59
7252,1212,59
7253,1212,62
7254,1259,59
7255,1260,59
7256,1274,59
7257,1226,59
7258,1274,62
7259,1226,62
7260,1180,56
7261,1180,59
7262,1185,59
7263,1205,59
7264,1172,59
7265,1180,62
7266,1417,62
7267,1185,62
7268,1205,62
7269,1172,62
7270,1152,56
7271,1152,59
7272,258,59
7273,1373,62
7274,1382,59
7275,1418,59
7276,1173,59
7277,1174,59
7278,1199,51
7279,1206,51
7280,1194,59
7281,1270,62
7282,1160,62
7283,1213,59
7284,1243,59
7285,319,59
7286,1387,62
7287,1211,62
7288,1211,59
7289,1215,62
7290,1216,62
7291,1176,59
7292,1376,59
7293,1376,62
7294,1380,62
7295,1232,59
7296,1232,62
7297,1231,56
7298,1231,59
7299,1231,62
7300,1257,51
7301,1276,51
7302,1386,56
7303,1386,59
7304,1386,62
7305,1245,59
7306,1175,56
7307,1250,59
7308,1250,62
7309,1157,56
7310,1157,59
7311,1374,59
7312,1419,62
7313,1374,62
7314,411,62
7315,297,61
7316,276,61
7317,266,52
7318,473,58
7319,477,58
7320,479,58
7321,480,58
7322,477,61
7323,478,61
7324,475,61
7325,99,55
7326,104,61
7327,744,61
7328,754,61
7329,753,61
7330,602,58
7331,300,61
7332,201,61
7333,195,61
7334,598,61
7335,599,61
7336,611,61
7337,21,61
7338,30,58
7339,25,58
7340,25,61
7341,867,61
7342,566,58
7343,566,61
7344,1420,61
7345,560,61
7346,564,58
7347,564,61
7348,562,61
7349,560,58
7350,569,58
7351,582,61
7352,581,58
7353,581,61
7354,576,58
7355,577,58
7356,31,61
7357,103,61
7358,98,58
7359,98,61
7360,101,58
7361,107,58
7362,103,58
7363,100,61
7364,105,58
7365,106,58
7366,102,58
7367,252,61
7368,1314,58
7369,1421,52
7370,1421,55
7371,1421,58
7372,1408,58
7373,241,61
7374,293,61
7375,285,61
7376,243,58
7377,1409,58
7378,1422,58
7379,295,58
7380,196,61
7381,1423,55
7382,1424,55
7383,269,61
7384,295,61
7385,1315,55
7386,1315,58
7387,111,61
7388,327,61
7389,1345,61
7390,869,61
7391,972,58
7392,969,55
7393,1031,58
7394,970,58
7395,362,61
7396,42,58
7397,42,61
7398,975,61
7399,258,62
7400,481,61
7401,44,61
7402,41,61
7403,461,61
7404,1425,61
7405,452,61
7406,43,58
7407,43,61
7408,986,61
7409,887,61
7410,154,58
7411,45,61
7412,384,61
7413,404,61
7414,756,61
7415,755,61
7416,398,61
7417,739,61
7418,751,58
7419,743,61
7420,745,61
7421,454,61
7422,211,61
7423,773,61
7424,456,61
7425,457,61
7426,719,61
7427,741,61
7428,1342,61
7429,1350,58
7430,1350,61
7431,1348,58
7432,1348,61
7433,1346,58
7434,1026,61
7435,1349,58
7436,878,58
7437,485,61
7438,880,58
7439,882,58
7440,881,55
7441,882,61
7442,879,58
7443,885,58
7444,886,58
7445,859,58
7446,859,61
7447,65,58
7448,65,61
7449,175,58
7450,175,61
7451,171,58
7452,171,61
7453,180,61
7454,182,61
7455,169,61
7456,1311,61
7457,173,58
7458,173,61
7459,1426,61
7460,164,61
7461,172,61
7462,766,61
7463,1317,61
7464,1316,58
7465,1316,61
7466,472,58
7467,978,61
7468,895,61
7469,1411,58
7470,1411,61
7471,1412,61
7472,1413,61
7473,1413,58
7474,1427,58
7475,1427,61
7476,901,58
7477,584,61
7478,905,61
7479,905,58
7480,893,58
7481,907,58
7482,907,55
7483,907,61
7484,910,58
7485,896,52
7486,896,58
7487,896,61
7488,908,61
7489,908,58
7490,911,61
7491,911,58
7492,1330,58
7493,1330,61
7494,1331,55
7495,1331,58
7496,1334,58
7497,1329,58
7498,1328,58
7499,1335,58
7500,2,61
7501,3,61
7502,464,58
7503,467,58
7504,464,61
7505,469,61
7506,465,61
7507,467,61
7508,468,61
7509,1402,61
7510,951,61
7511,945,61
7512,607,61
7513,606,58
7514,605,61
7515,609,61
7516,395,61
7517,392,61
7518,238,61
7519,576,61
7520,557,62
7521,1153,62
7522,1408,61
7523,1164,62
7524,1178,62
7525,1299,56
7526,1209,62
7527,1268,62
7528,1034,62
7529,1210,62
7530,1159,62
7531,1173,62
7532,1174,62
7533,1269,62
7534,1187,59
7535,1428,59
7536,1366,56
7537,1246,56
7538,1187,53
7539,1429,53
7540,1429,56
7541,1430,62
7542,1081,62
7543,319,62
7544,1244,62
7545,1243,62
7546,1245,62
7547,1078,62
7548,1240,53
7549,1431,62
7550,1431,59
7551,1198,59
7552,1198,62
7553,1358,56
7554,1432,62
7555,1191,62
7556,1186,62
7557,1358,59
7558,1207,59
7559,1207,62
7560,1384,62
7561,1175,59
7562,1175,62
7563,1080,62
7564,1152,62
7565,1257,53
7566,1276,53
7567,1370,62
7568,1416,59
7569,1433,59
7570,1382,62
7571,1418,62
7572,1416,62
7573,1433,62
7574,1241,62
7575,1214,62
7576,1176,62
7577,1434,56
7578,1435,56
7579,1434,59
7580,1435,59
7581,1218,62
7582,1260,62
7583,1434,53
7584,987,61
7585,982,61
7586,972,61
7587,967,61
7588,974,61
7589,977,61
7590,969,61
7591,40,61
7592,569,61
7593,575,61
7594,760,61
7595,1331,61
7596,472,61
7597,1436,55
7598,1437,55
7599,1438,55
7600,473,61
7601,474,61
7602,479,61
7603,480,61
7604,626,61
7605,154,61
7606,893,61
7607,1438,58
7608,580,61
7609,1335,61
7610,109,61
7611,981,61
7612,102,61
7613,751,61
7614,912,61
7615,1334,61
7616,170,61
7617,1314,61
7618,970,61
7619,601,61
7620,1436,58
7621,910,61
7622,881,58
7623,768,61
7624,1439,61
7625,746,61
7626,577,61
7627,881,61
7628,599,58
7629,748,61
7630,1315,61
7631,1440,61
7632,1421,61
7633,886,61
7634,1437,58
7635,1336,61
7636,1437,61
7637,1441,55
7638,567,61
7639,989,61
7640,880,61
7641,30,61
7642,579,61
7643,583,61
7644,885,61
7645,46,61
7646,297,58
7647,1323,61
7648,1326,61
7649,1328,61
7650,26,61
7651,247,55
7652,248,55
7653,247,58
7654,248,58
7655,1401,61
7656,1442,61
7657,1443,61
7658,1444,61
7659,1445,55
7660,610,61
7661,1324,61
7662,1031,61
7663,1349,61
7664,1319,61
7665,1329,61
7666,1446,56
7667,1447,56
7668,1448,56
7669,1448,59
7670,1194,62
7671,1449,56
7672,1449,59
7673,1449,62
7674,1450,56
7675,1450,59
7676,1450,62
7677,1447,59
7678,1446,59
7679,1358,62
7680,1213,62
7681,1446,62
7682,1451,62
7683,1259,62
7684,1257,54
7685,1452,59
7686,1453,59
7687,1369,59
7688,1454,62
7689,1455,62
7690,1448,62
7691,1456,62
7692,1457,54
7693,1447,62
7694,1458,61
7695,1459,54
7696,338,58
7697,338,61
7698,1460,58
7699,1460,61
7700,1346,61
7701,1461,61
7702,1438,61
7703,1436,61
7704,470,61
7705,1462,61
7706,973,61
7707,128,58
7708,1463,58
7709,1463,61
7710,308,58
7711,1332,61
7712,128,61
7713,107,61
7714,99,61
7715,879,61
7716,901,61
7717,1464,61
7718,1465,54
7719,1157,62
7720,1466,57
7721,1467,57
7722,1468,57
7723,1469,57
7724,1434,54
7725,1257,59
7726,1276,59
7727,1187,62
7728,1199,62
7729,1206,62
7730,1470,57
7731,1471,2
7732,1472,2
7733,1473,2
7734,1474,2
7735,1475,2
7736,1476,2
7737,1477,2
7738,1478,60
7739,1465,60
7740,1479,60
7741,1187,60
7742,1466,60
7743,1480,60
7744,1257,60
7745,1354,60
7746,1481,60
7747,1482,60
7748,1483,60
7749,1484,61
7750,1485,61
7751,1486,61
7752,1487,61
7753,1488,61
7754,1489,61
7755,1490,61
7756,1491,61
7757,1492,61
7758,1493,61
7759,1494,61
7760,1495,61
7761,1496,61
7762,1497,61
7763,1498,61
7764,1499,61
7765,1500,61
7766,1501,61
7767,1502,61
7768,1503,61
7769,1504,61
7770,1505,61
7771,1257,62
7772,1506,62
7773,1507,63
7774,1508,63
7775,1509,63
7776,1510,63
7777,1511,63
7778,1512,63
7779,1513,63
7780,1514,63
7781,1515,63
7782,1516,63
7783,1517,63
7784,1518,63
7785,1519,63
7786,1520,63
7787,1521,63
7788,1522,63
7789,1523,63
7790,1524,63
7791,1525,63
7792,93,63
7793,1526,63
7794,1527,63
7795,1528,63
7796,1529,63
7797,1530,63
7798,1531,63
7799,1532,63
7800,44,63
7801,362,63
7802,381,63
7803,1533,63
7804,1534,63
7805,983,63
7806,1535,63
7807,1536,63
7808,195,63
7809,607,63
7810,1537,63
7811,1538,63
7812,468,63
7813,465,63
7814,467,63
7815,1539,63
7816,1540,63
7817,1541,63
7818,1542,63
7819,1543,63
7820,1544,63
7821,1545,63
7822,206,63
7823,207,63
7824,1546,63
7825,1547,63
7826,1548,63
7827,65,63
7828,859,63
7829,1549,63
7830,1550,63
7831,1551,63
7832,1552,63
7833,1553,63
7834,1554,63
7835,1555,63
7836,1556,63
7837,1557,63
7838,68,63
7839,69,63
7840,113,63
7841,67,63
7842,70,63
7843,1558,63
7844,1559,63
7845,691,63
7846,1560,63
7847,1561,63
7848,1562,63
7849,1563,63
7850,1564,63
7851,1565,63
7852,1566,63
7853,887,63
7854,971,63
7855,1567,63
7856,1568,63
7857,1569,63
7858,1570,63
7859,1571,63
7860,1572,63
7861,1573,63
7862,1574,63
7863,1575,63
7864,1576,63
7865,1577,63
7866,202,63
7867,1578,63
7868,1579,63
7869,1580,63
7870,1581,63
7871,1582,63
7872,1583,63
7873,4,63
7874,1584,63
7875,1585,63
7876,1586,63
7877,1587,63
7878,1588,63
7879,28,63
7880,21,63
7881,26,63
7882,30,63
7883,1589,63
7884,300,63
7885,150,63
7886,1590,63
7887,1591,63
7888,1592,63
7889,1593,63
7890,1594,63
7891,1595,63
7892,154,63
7893,1596,63
7894,1597,63
7895,1598,63
7896,1599,63
7897,1600,63
7898,1601,63
7899,1602,63
7900,1603,63
7901,1604,63
7902,1605,63
7903,1606,63
7904,640,63
7905,1607,63
7906,1608,63
7907,1609,63
7908,1610,63
7909,1611,63
7910,651,63
7911,1612,63
7912,966,63
7913,1613,63
7914,1614,63
7915,34,63
7916,51,63
7917,1615,63
7918,1616,63
7919,1617,63
7920,657,63
7921,1618,63
7922,1619,63
7923,1620,63
7924,600,63
7925,1621,63
7926,1622,63
7927,1623,63
7928,1624,63
7929,984,63
7930,47,63
7931,1625,63
7932,363,63
7933,986,63
7934,384,63
7935,31,63
7936,25,63
7937,978,63
7938,1626,63
7939,1627,63
7940,1628,63
7941,1629,63
7942,1630,63
7943,1631,63
7944,1632,63
7945,1633,63
7946,1634,63
7947,1635,63
7948,1636,63
7949,1637,63
7950,1638,63
7951,1440,63
7952,1314,63
7953,1408,63
7954,1639,63
7955,1640,63
7956,1641,63
7957,1642,63
7958,1643,63
7959,1644,63
7960,1645,63
7961,1646,63
7962,1647,63
7963,1648,63
7964,1649,63
7965,1650,63
7966,1496,63
7967,1651,63
7968,1652,63
7969,1653,63
7970,1654,63
7971,1655,63
7972,1656,63
7973,1410,63
7974,1657,63
7975,1658,63
7976,1659,63
7977,1660,63
7978,1661,63
7979,1662,63
7980,1663,63
7981,1664,63
7982,1665,63
7983,2,63
7984,1,63
7985,1491,63
7986,1666,63
7987,1667,63
7988,1668,63
7989,1669,63
7990,1670,63
7991,1671,63
7992,1672,63
7993,1673,63
7994,1674,63
7995,1675,63
7996,1676,63
7997,1677,63
7998,1402,63
7999,276,63
8000,605,63
8001,1678,63
8002,598,63
8003,1679,63
8004,23,63
8005,46,63
8006,972,63
8007,1486,63
8008,263,63
8009,256,63
8010,293,63
8011,241,63
8012,1680,63
8013,1681,63
8014,1682,63
8015,1683,63
8016,1458,63
8017,1684,63
8018,1685,63
8019,1686,63
8020,1687,63
8021,1688,63
8022,1689,63
8023,1690,63
8024,1691,63
8025,1692,63
8026,1693,63
8027,1694,63
8028,1695,63
8029,252,63
8030,1696,63
8031,1697,63
8032,1698,63
8033,1420,63
8034,1699,63
8035,1700,63
8036,604,63
8037,1701,63
8038,1702,63
8039,1703,63
8040,1704,63
8041,1705,63
8042,1706,63
8043,1707,63
8044,24,63
8045,1708,63
8046,1709,63
8047,1710,63
8048,477,63
8049,1711,63
8050,611,63
8051,1712,63
8052,1713,63
8053,1714,63
8054,475,63
8055,478,63
8056,479,63
8057,1715,63
8058,1716,63
8059,264,63
8060,295,63
8061,1717,63
8062,481,63
8063,45,63
8064,980,63
8065,1718,63
8066,1719,63
8067,3,63
8068,205,63
8069,204,63
8070,1720,63
8071,1721,63
8072,1722,63
8073,1723,63
8074,1724,63
8075,1725,63
8076,1401,63
8077,1726,63
8078,1727,63
8079,265,63
8080,1728,63
8081,1729,63
8082,1730,63
8083,1731,63
8084,269,63
8085,1732,63
8086,1733,63
8087,1734,63
8088,1735,63
8089,1736,63
8090,1737,63
8091,1738,63
8092,1739,63
8093,1740,63
8094,203,63
8095,1741,63
8096,294,63
8097,1742,63
8098,1490,63
8099,1743,63
8100,1744,63
8101,285,63
8102,255,63
8103,1745,63
8104,1746,63
8105,1747,63
8106,1748,63
8107,1749,63
8108,1493,63
8109,1750,63
8110,1751,63
8111,1752,63
8112,1753,63
8113,1445,63
8114,1754,63
8115,1755,63
8116,1756,63
8117,1757,63
8118,1758,63
8119,1441,63
8120,1759,63
8121,1760,63
8122,1761,63
8123,1407,63
